-- phpMyAdmin SQL Dump
-- version 3.1.2deb1
-- http://www.phpmyadmin.net
--
-- Host: localhost
-- Generation Time: May 22, 2009 at 08:39 PM
-- Server version: 5.0.75
-- PHP Version: 5.2.6-3ubuntu4.1

SET SQL_MODE="NO_AUTO_VALUE_ON_ZERO";


/*!40101 SET @OLD_CHARACTER_SET_CLIENT=@@CHARACTER_SET_CLIENT */;
/*!40101 SET @OLD_CHARACTER_SET_RESULTS=@@CHARACTER_SET_RESULTS */;
/*!40101 SET @OLD_COLLATION_CONNECTION=@@COLLATION_CONNECTION */;
/*!40101 SET NAMES utf8 */;

--
-- Database: `smartrestaurant`
--

-- --------------------------------------------------------

--
-- Table structure for table `account_accounts`
--

DROP TABLE IF EXISTS `account_accounts`;
CREATE TABLE IF NOT EXISTS `account_accounts` (
  `id` int(10) unsigned NOT NULL auto_increment,
  `bank` int(11) NOT NULL,
  `name` text NOT NULL,
  `number` tinytext NOT NULL,
  `abi` tinytext NOT NULL,
  `cab` tinytext NOT NULL,
  `cin` tinytext NOT NULL,
  `bic1` tinytext NOT NULL,
  `bic2` tinytext NOT NULL,
  `iban` tinytext NOT NULL,
  `amount` decimal(10,2) NOT NULL default '0.00',
  `currency` tinytext NOT NULL,
  PRIMARY KEY  (`id`)
) ENGINE=MyISAM  DEFAULT CHARSET=latin1 COMMENT='menaxhimi i kontove bankare' AUTO_INCREMENT=6 ;

--
-- Dumping data for table `account_accounts`
--

INSERT INTO `account_accounts` (`id`, `bank`, `name`, `number`, `abi`, `cab`, `cin`, `bic1`, `bic2`, `iban`, `amount`, `currency`) VALUES
(2, 3, 'Bank Account 3', '', '', '', '', '', '', '', '0.00', ''),
(5, 3, 'Bank Account 2', '', '', '', '', '', '', '', '0.00', '');

-- --------------------------------------------------------

--
-- Table structure for table `account_account_log`
--

DROP TABLE IF EXISTS `account_account_log`;
CREATE TABLE IF NOT EXISTS `account_account_log` (
  `id` bigint(20) unsigned NOT NULL auto_increment,
  `account_id` int(10) unsigned NOT NULL default '0',
  `type` int(11) NOT NULL default '0',
  `amount` decimal(10,2) NOT NULL default '0.00',
  `timestamp` timestamp NOT NULL default CURRENT_TIMESTAMP on update CURRENT_TIMESTAMP,
  `description` text NOT NULL,
  `mgmt_id` bigint(20) unsigned NOT NULL default '0',
  PRIMARY KEY  (`id`)
) ENGINE=MyISAM  DEFAULT CHARSET=latin1 AUTO_INCREMENT=5 ;

--
-- Dumping data for table `account_account_log`
--

INSERT INTO `account_account_log` (`id`, `account_id`, `type`, `amount`, `timestamp`, `description`, `mgmt_id`) VALUES
(1, 2, 1, '-12.00', '2009-05-19 19:07:13', 'Invoice Nr. : 1', 0),
(2, 2, 1, '-1.00', '2009-05-19 19:09:49', 'Invoice Nr. : 2', 0),
(3, 2, 1, '-2.00', '2009-05-19 19:22:26', 'Invoice Nr. : 2', 0),
(4, 2, 1, '-4.00', '2009-05-21 18:45:27', 'Invoice Nr. : 4', 0);

-- --------------------------------------------------------

--
-- Table structure for table `account_log`
--

DROP TABLE IF EXISTS `account_log`;
CREATE TABLE IF NOT EXISTS `account_log` (
  `id` bigint(20) unsigned NOT NULL auto_increment,
  `datetime` timestamp NOT NULL default CURRENT_TIMESTAMP on update CURRENT_TIMESTAMP,
  `waiter` int(11) NOT NULL,
  `destination` int(11) NOT NULL,
  `dish` int(11) NOT NULL,
  `ingredient` text NOT NULL,
  `operation` tinyint(4) NOT NULL default '0',
  `category` text NOT NULL,
  `quantity` tinyint(3) unsigned NOT NULL default '0',
  `price` decimal(10,2) NOT NULL default '0.00',
  `payment` int(4) unsigned NOT NULL default '0',
  UNIQUE KEY `id` (`id`),
  KEY `datetime` (`datetime`)
) ENGINE=MyISAM  DEFAULT CHARSET=latin1 AUTO_INCREMENT=147 ;

--
-- Dumping data for table `account_log`
--

INSERT INTO `account_log` (`id`, `datetime`, `waiter`, `destination`, `dish`, `ingredient`, `operation`, `category`, `quantity`, `price`, `payment`) VALUES
(1, '2008-07-24 12:04:04', 3, 1, 12, '', 0, '1', 2, '10.00', 2),
(2, '2008-07-24 12:04:05', 3, 3, 424, '', 0, '5', 2, '6.80', 2),
(3, '2008-07-24 12:04:05', 3, 3, 873, '', 0, '9', 2, '100.00', 2),
(4, '2008-07-24 12:04:05', 3, 3, 902, '', 0, '8', 2, '5.00', 2),
(5, '2008-07-24 12:12:47', 3, 1, 2, '', 0, '1', 1, '6.60', 3),
(6, '2008-07-24 12:12:47', 3, 1, 0, '85', 1, '1', 1, '0.00', 3),
(7, '2008-07-24 12:13:50', 3, 4, 914, '', 0, '5', 1, '3.40', 4),
(8, '2008-07-24 12:13:50', 3, 3, 808, '', 0, '9', 1, '12.40', 4),
(9, '2008-07-24 12:15:12', 3, 4, 420, '', 0, '5', 1, '3.40', 5),
(10, '2008-07-24 12:15:12', 3, 2, 906, '', 0, '6', 1, '6.70', 5),
(11, '2008-07-24 12:15:12', 3, 1, 12, '', 0, '1', 1, '5.00', 5),
(12, '2008-07-24 12:32:19', 3, 1, 18, '', 0, '1', 1, '5.15', 6),
(13, '2008-07-24 12:32:19', 3, 1, 12, '', 0, '1', 1, '5.00', 6),
(14, '2008-07-24 12:32:19', 3, 3, 873, '', 0, '9', 1, '50.00', 6),
(15, '2008-12-01 21:51:39', 2, 1, 123, '', 0, '2', 2, '11.00', 7),
(16, '2008-12-01 21:51:39', 2, 3, 873, '', 0, '9', 1, '50.00', 7),
(17, '2008-12-01 21:51:39', 2, 1, 18, '', 0, '1', 1, '5.15', 7),
(18, '2008-12-01 21:51:39', 2, 1, 0, '99', 1, '1', 1, '0.00', 7),
(19, '2008-12-01 21:51:39', 2, 1, 0, '108', 1, '1', 1, '0.00', 7),
(20, '2008-12-01 21:51:39', 2, 1, 0, '149', 1, '1', 1, '0.00', 7),
(21, '2008-12-01 21:51:39', 2, 3, 873, '', 0, '9', 1, '50.00', 7),
(22, '2008-12-01 21:52:42', 2, 1, 123, '', 0, '2', 1, '5.50', 8),
(23, '2008-12-16 17:40:47', 2, 1, 12, '', 0, '1', 1, '5.00', 9),
(24, '2008-12-16 17:40:47', 2, 1, 18, '', 0, '1', 5, '25.75', 9),
(25, '2008-12-16 17:40:47', 2, 2, 502, '', 0, '6', 1, '3.65', 9),
(26, '2008-12-16 17:40:47', 2, 2, 524, '', 0, '6', 2, '10.30', 9),
(27, '2008-12-16 17:40:47', 2, 2, 0, '325', 1, '6', 2, '0.00', 9),
(28, '2008-12-29 22:19:26', 2, 3, 601, '', 0, '7', 1, '3.60', 10),
(29, '2008-12-29 22:19:26', 2, 1, 122, '', 0, '2', 2, '12.40', 10),
(30, '2008-12-29 22:19:26', 2, 3, 605, '', 0, '7', 4, '8.00', 10),
(31, '2008-12-29 22:19:26', 2, 1, 18, '', 0, '1', 1, '5.15', 10),
(32, '2008-12-29 22:30:12', 2, 1, 12, '', 0, '1', 1, '5.00', 11),
(33, '2009-01-08 21:32:40', 3, 2, 525, '', 0, '6', 1, '5.15', 12),
(34, '2009-01-08 21:33:08', 3, 3, 601, '', 0, '7', 2, '7.20', 13),
(35, '2009-01-08 21:33:08', 3, 3, 0, '79', 1, '7', 2, '0.00', 13),
(36, '2009-01-08 21:53:02', 2, 1, 18, '', 0, '1', 1, '5.15', 14),
(37, '2009-01-08 21:53:02', 2, 3, 801, '', 0, '9', 1, '7.75', 14),
(38, '2009-01-08 21:53:02', 2, 3, 919, '', 0, '8', 1, '6.00', 14),
(39, '2009-01-08 21:53:02', 2, 1, 12, '', 0, '1', 1, '5.00', 14),
(40, '2009-01-08 21:53:02', 2, 1, 12, '', 0, '1', 1, '5.00', 14),
(41, '2009-01-08 21:53:02', 2, 1, 12, '', 0, '1', 1, '5.00', 14),
(42, '2009-01-08 21:53:02', 2, 3, 601, '', 0, '7', 1, '3.60', 14),
(43, '2009-01-08 21:53:02', 2, 3, 605, '', 0, '7', 1, '2.00', 14),
(44, '2009-01-08 21:53:59', 2, 1, 12, '', 0, '1', 1, '5.00', 15),
(45, '2009-01-08 22:31:43', 2, 1, 12, '', 0, '1', 1, '5.00', 16),
(46, '2009-01-08 22:31:43', 2, 3, 601, '', 0, '7', 1, '3.60', 16),
(47, '2009-01-08 22:49:56', 2, 1, 18, '', 0, '1', 1, '5.15', 17),
(48, '2009-01-08 22:49:56', 2, 3, 605, '', 0, '7', 1, '2.00', 17),
(49, '2009-01-09 18:05:29', 2, 1, 12, '', 0, '1', 1, '5.00', 18),
(50, '2009-01-09 18:57:31', 2, 0, -3, '', 0, '0', 1, '-12.00', 19),
(51, '2009-01-09 18:57:31', 2, 1, 301, '', 0, '4', 1, '3.00', 19),
(52, '2009-01-09 18:57:31', 2, 1, 12, '', 0, '1', 2, '10.00', 19),
(53, '2009-01-09 18:57:31', 2, 3, 857, '', 0, '9', 1, '12.40', 19),
(54, '2009-01-10 22:02:44', 2, 1, 124, '', 0, '2', 1, '7.00', 20),
(55, '2009-01-10 22:02:44', 2, 1, 14, '', 0, '1', 2, '12.00', 20),
(56, '2009-01-10 22:20:05', 2, 3, 605, '', 0, '7', 1, '2.00', 21),
(57, '2009-01-10 23:40:43', 2, 1, 18, '', 0, '1', 1, '5.15', 22),
(58, '2009-01-10 23:58:07', 2, 1, 201, '', 0, '3', 1, '10.50', 23),
(59, '2009-01-11 03:14:00', 2, 3, 806, '', 0, '9', 1, '12.40', 24),
(60, '2009-01-11 23:59:54', 2, 1, 12, '', 0, '1', 1, '5.00', 25),
(61, '2009-01-12 00:31:46', 2, 1, 12, '', 0, '1', 2, '10.00', 26),
(62, '2009-02-19 21:33:29', 2, 1, 12, '', 0, '1', 1, '5.00', 27),
(63, '2009-02-19 21:33:29', 2, 1, 18, '', 0, '1', 1, '5.15', 27),
(64, '2009-02-19 21:33:29', 2, 3, 605, '', 0, '7', 1, '2.00', 27),
(65, '2009-02-19 21:33:29', 2, 3, 601, '', 0, '7', 1, '3.60', 27),
(66, '2009-02-20 12:22:30', 2, 0, -3, '', 0, '0', 1, '-3.08', 28),
(67, '2009-02-20 12:22:30', 2, 1, 3, '', 0, '1', 1, '6.60', 28),
(68, '2009-02-20 12:22:30', 2, 1, 12, '', 0, '1', 3, '15.00', 28),
(69, '2009-02-20 12:22:30', 2, 1, 304, '', 0, '4', 1, '3.00', 28),
(70, '2009-02-20 12:22:30', 2, 3, 705, '', 0, '8', 1, '6.20', 28),
(71, '2009-02-20 12:44:22', 2, 1, 12, '', 0, '1', 1, '5.00', 29),
(72, '2009-02-20 12:44:22', 2, 1, 18, '', 0, '1', 5, '25.75', 29),
(73, '2009-02-20 13:06:04', 2, 0, -3, '', 0, '0', 1, '-10.00', 30),
(74, '2009-02-20 13:06:04', 2, 1, 18, '', 0, '1', 1, '5.15', 30),
(75, '2009-02-20 13:06:04', 2, 1, 0, '99', 1, '1', 1, '0.00', 30),
(76, '2009-02-20 13:06:04', 2, 1, 0, '108', 1, '1', 1, '0.00', 30),
(77, '2009-02-20 13:06:04', 2, 3, 705, '', 0, '8', 1, '6.20', 30),
(78, '2009-02-20 13:24:15', 2, 1, 3, '', 0, '1', 1, '6.60', 31),
(79, '2009-02-20 13:24:15', 2, 1, 0, '340', 1, '0', 1, '0.00', 31),
(80, '2009-02-20 13:24:15', 2, 2, 505, '', 0, '6', 1, '4.40', 31),
(81, '2009-02-20 13:24:15', 2, 2, 0, '325', 1, '6', 1, '0.00', 31),
(82, '2009-02-20 13:24:15', 2, 1, 101, '', 0, '2', 1, '5.15', 31),
(83, '2009-02-20 13:24:25', 2, 1, 18, '', 0, '1', 1, '5.15', 32),
(84, '2009-02-20 13:28:07', 2, 0, -3, '', 0, '0', 1, '-10.00', 33),
(85, '2009-02-20 13:28:07', 2, 1, 10, '', 0, '1', 1, '5.00', 33),
(86, '2009-02-20 13:28:07', 2, 3, 810, '', 0, '9', 1, '12.40', 33),
(87, '2009-02-20 13:30:42', 2, 1, 905, '', 0, '2', 5, '12.00', 34),
(88, '2009-02-20 13:30:42', 2, 1, 18, '', 0, '1', 1, '5.15', 34),
(89, '2009-02-20 13:46:45', 2, 1, 206, '', 0, '3', 1, '8.00', 35),
(90, '2009-02-20 13:47:55', 2, 1, 302, '', 0, '4', 1, '4.50', 36),
(91, '2009-02-20 13:47:55', 2, 3, 805, '', 0, '9', 1, '12.40', 36),
(92, '2009-03-21 00:11:24', 2, 1, 12, '', 0, '1', 4, '20.00', 37),
(93, '2009-03-21 00:11:24', 2, 1, 14, '', 0, '1', 1, '6.00', 37),
(94, '2009-03-21 15:55:56', 2, 1, 6, '', 0, '1', 1, '5.15', 38),
(95, '2009-03-21 15:57:20', 2, 1, 12, '', 0, '1', 2, '10.00', 39),
(96, '2009-03-21 16:03:20', 2, 1, 12, '', 0, '1', 1, '5.00', 40),
(97, '2009-03-21 17:37:56', 2, 1, 12, '', 0, '1', 1, '5.00', 41),
(98, '2009-03-21 18:00:37', 2, 1, 12, '', 0, '1', 1, '5.00', 42),
(99, '2009-03-21 18:00:37', 2, 1, 12, '', 0, '1', 1, '5.00', 42),
(100, '2009-03-21 18:00:37', 2, 1, 12, '', 0, '1', 1, '5.00', 42),
(101, '2009-03-21 18:02:09', 2, 1, 12, '', 0, '1', 1, '5.00', 43),
(102, '2009-03-21 18:02:41', 2, 1, 12, '', 0, '1', 1, '5.00', 44),
(103, '2009-03-21 18:23:39', 2, 1, 12, '', 0, '1', 1, '5.00', 45),
(104, '2009-03-21 18:23:39', 2, 1, 12, '', 0, '1', 1, '5.00', 45),
(105, '2009-03-21 18:23:43', 2, 1, 12, '', 0, '1', 1, '5.00', 46),
(106, '2009-03-21 18:24:32', 2, 1, 12, '', 0, '1', 1, '5.00', 47),
(107, '2009-03-21 18:24:32', 2, 1, 12, '', 0, '1', 1, '5.00', 47),
(108, '2009-03-21 18:25:28', 2, 1, 12, '', 0, '1', 2, '10.00', 48),
(109, '2009-03-21 18:30:27', 2, 1, 12, '', 0, '1', 1, '5.00', 49),
(110, '2009-03-21 18:34:01', 2, 1, 12, '', 0, '1', 1, '5.00', 50),
(111, '2009-03-21 18:35:44', 2, 1, 12, '', 0, '1', 1, '5.00', 51),
(112, '2009-03-21 18:36:06', 2, 1, 12, '', 0, '1', 1, '5.00', 52),
(113, '2009-03-21 18:37:08', 2, 1, 12, '', 0, '1', 2, '10.00', 53),
(114, '2009-03-21 18:37:08', 2, 1, 21, '', 0, '1', 1, '5.15', 53),
(115, '2009-03-21 18:39:37', 2, 1, 12, '', 0, '1', 5, '25.00', 54),
(116, '2009-03-21 18:40:05', 2, 1, 12, '', 0, '1', 1, '5.00', 55),
(117, '2009-03-21 18:40:09', 2, 1, 12, '', 0, '1', 2, '10.00', 56),
(118, '2009-03-21 20:53:27', 2, 1, 2, '', 0, '1', 1, '6.60', 57),
(119, '2009-03-21 20:53:48', 2, 1, 3, '', 0, '1', 1, '6.60', 58),
(120, '2009-03-21 20:53:48', 2, 1, 6, '', 0, '1', 1, '5.15', 58),
(121, '2009-03-21 20:53:48', 2, 1, 7, '', 0, '1', 1, '5.00', 58),
(122, '2009-03-21 21:19:23', 2, 1, 12, '', 0, '1', 3, '15.00', 59),
(123, '2009-03-21 21:45:30', 2, 1, 12, '', 0, '1', 1, '5.00', 60),
(124, '2009-03-21 21:54:49', 2, 3, 706, '', 0, '8', 1, '1.80', 61),
(125, '2009-03-21 21:54:49', 2, 3, 709, '', 0, '8', 1, '4.15', 61),
(126, '2009-03-21 23:30:43', 2, 1, 103, '', 0, '2', 1, '5.50', 62),
(127, '2009-03-21 23:42:11', 2, 1, 19, '', 0, '1', 1, '5.15', 63),
(128, '2009-03-22 00:02:51', 2, 1, 203, '', 0, '3', 1, '12.50', 64),
(129, '2009-03-22 00:02:51', 2, 1, 209, '', 0, '3', 1, '9.00', 64),
(130, '2009-03-22 00:02:51', 2, 1, 208, '', 0, '3', 1, '8.00', 64),
(131, '2009-03-22 00:31:35', 2, 1, 15, '', 0, '1', 1, '5.15', 65),
(132, '2009-03-22 00:34:02', 2, 1, 208, '', 0, '3', 1, '8.00', 66),
(133, '2009-03-22 00:34:02', 2, 1, 203, '', 0, '3', 1, '12.50', 66),
(134, '2009-03-22 00:34:02', 2, 1, 202, '', 0, '3', 1, '12.50', 66),
(135, '2009-03-22 00:34:02', 2, 1, 12, '', 0, '1', 1, '5.00', 66),
(136, '2009-03-22 00:34:02', 2, 1, 15, '', 0, '1', 1, '5.15', 66),
(137, '2009-04-16 18:16:36', 2, 1, 12, '', 0, '1', 1, '5.00', 67),
(138, '2009-04-16 18:16:36', 2, 1, 16, '', 0, '1', 1, '5.15', 67),
(139, '2009-04-16 18:16:36', 2, 1, 12, '', 0, '1', 1, '5.00', 67),
(140, '2009-05-05 19:21:01', 2, 0, -3, '', 0, '0', 1, '-1.03', 68),
(141, '2009-05-05 19:21:01', 2, 1, 6, '', 0, '1', 1, '5.15', 68),
(142, '2009-05-05 19:21:01', 2, 1, 15, '', 0, '1', 1, '5.15', 68),
(143, '2009-05-05 19:29:56', 2, 1, 3, '', 0, '1', 1, '6.60', 69),
(144, '2009-05-05 19:29:56', 2, 1, 12, '', 0, '1', 2, '10.00', 69),
(145, '2009-05-05 19:29:56', 2, 1, 16, '', 0, '1', 1, '5.15', 69),
(146, '2009-05-05 19:57:58', 2, 1, 6, '', 0, '1', 1, '5.15', 70);

-- --------------------------------------------------------

--
-- Table structure for table `account_mgmt_addressbook`
--

DROP TABLE IF EXISTS `account_mgmt_addressbook`;
CREATE TABLE IF NOT EXISTS `account_mgmt_addressbook` (
  `id` int(11) NOT NULL auto_increment,
  `name` text NOT NULL,
  `vat` text NOT NULL,
  `address` text NOT NULL,
  `telephone` text NOT NULL,
  `fax` text NOT NULL,
  `bank_account` text NOT NULL,
  `abi` text NOT NULL,
  `cab` text NOT NULL,
  `meal_circuit` text NOT NULL,
  `type` tinyint(4) NOT NULL default '0',
  `note` text NOT NULL,
  `email` text NOT NULL,
  `web` text NOT NULL,
  UNIQUE KEY `id` (`id`)
) ENGINE=MyISAM  DEFAULT CHARSET=latin1 AUTO_INCREMENT=4 ;

--
-- Dumping data for table `account_mgmt_addressbook`
--

INSERT INTO `account_mgmt_addressbook` (`id`, `name`, `vat`, `address`, `telephone`, `fax`, `bank_account`, `abi`, `cab`, `meal_circuit`, `type`, `note`, `email`, `web`) VALUES
(2, 'Supplier', '', '', '', '', '', '', '', '', 2, '', '', ''),
(3, 'Bank', '', 'Bank', '', '', '', '', '', '', 1, '', '', '');

-- --------------------------------------------------------

--
-- Table structure for table `account_mgmt_main`
--

DROP TABLE IF EXISTS `account_mgmt_main`;
CREATE TABLE IF NOT EXISTS `account_mgmt_main` (
  `id` int(11) unsigned NOT NULL auto_increment,
  `date` timestamp NOT NULL default CURRENT_TIMESTAMP on update CURRENT_TIMESTAMP,
  `cash_amount` decimal(10,2) NOT NULL default '0.00',
  `cash_taxable_amount` decimal(10,2) NOT NULL default '0.00',
  `cash_vat_amount` decimal(10,2) NOT NULL default '0.00',
  `bank_amount` decimal(10,2) NOT NULL default '0.00',
  `bank_taxable_amount` decimal(10,2) NOT NULL default '0.00',
  `bank_vat_amount` decimal(10,2) NOT NULL default '0.00',
  `debit_amount` decimal(10,2) NOT NULL default '0.00',
  `debit_taxable_amount` decimal(10,2) NOT NULL default '0.00',
  `debit_vat_amount` decimal(10,2) NOT NULL default '0.00',
  `debit` tinyint(4) NOT NULL default '0',
  `paid` tinyint(4) NOT NULL default '0',
  `type` tinyint(4) NOT NULL default '0',
  `description` text NOT NULL,
  `number` text NOT NULL,
  `who` text character set utf8 collate utf8_unicode_ci NOT NULL,
  `stock_object` text NOT NULL,
  `associated_invoice` int(11) NOT NULL default '0',
  `internal_id` text NOT NULL,
  `annulled` tinyint(4) NOT NULL default '0',
  `waiter_income` tinyint(4) NOT NULL default '0',
  `account_id` int(11) unsigned NOT NULL default '0',
  `account_movement` bigint(20) unsigned NOT NULL default '0',
  UNIQUE KEY `id` (`id`)
) ENGINE=MyISAM  DEFAULT CHARSET=latin1 AUTO_INCREMENT=75 ;

--
-- Dumping data for table `account_mgmt_main`
--

INSERT INTO `account_mgmt_main` (`id`, `date`, `cash_amount`, `cash_taxable_amount`, `cash_vat_amount`, `bank_amount`, `bank_taxable_amount`, `bank_vat_amount`, `debit_amount`, `debit_taxable_amount`, `debit_vat_amount`, `debit`, `paid`, `type`, `description`, `number`, `who`, `stock_object`, `associated_invoice`, `internal_id`, `annulled`, `waiter_income`, `account_id`, `account_movement`) VALUES
(1, '2008-07-24 12:00:04', '121.80', '97.46', '24.34', '0.00', '0.00', '0.00', '0.00', '0.00', '0.00', 0, 0, 4, 'Income: 0000012008', '', 'palmpalm', '', 0, '0000012008', 0, 1, 0, 0),
(2, '2008-07-24 12:04:04', '121.80', '97.46', '24.34', '0.00', '0.00', '0.00', '0.00', '0.00', '0.00', 0, 0, 4, 'Income: 0000022008', '', 'palmpalm', '', 0, '0000022008', 0, 1, 0, 0),
(3, '2008-07-24 12:12:47', '6.60', '6.60', '0.00', '0.00', '0.00', '0.00', '0.00', '0.00', '0.00', 0, 0, 4, 'Income: 0000032008', '', 'palmpalm', '', 0, '0000032008', 0, 1, 0, 0),
(4, '2008-07-24 12:13:50', '15.80', '12.58', '3.22', '0.00', '0.00', '0.00', '0.00', '0.00', '0.00', 0, 0, 4, 'Income: 0000042008', '', 'palmpalm', '', 0, '0000042008', 0, 1, 0, 0),
(5, '2008-07-24 12:15:12', '15.10', '14.02', '1.08', '0.00', '0.00', '0.00', '0.00', '0.00', '0.00', 0, 0, 4, 'Income: 0000052008', '', 'palmpalm', '', 0, '0000052008', 0, 1, 0, 0),
(6, '2008-07-24 12:32:19', '60.15', '48.61', '11.54', '0.00', '0.00', '0.00', '0.00', '0.00', '0.00', 0, 0, 4, 'Income: 0000062008', '', 'palmpalm', '', 0, '0000062008', 0, 1, 0, 0),
(7, '2008-12-01 21:51:39', '116.15', '91.89', '24.26', '0.00', '0.00', '0.00', '0.00', '0.00', '0.00', 0, 0, 4, 'Income: 0000072008', '', 'pospos', '', 0, '0000072008', 0, 1, 0, 0),
(8, '2008-12-01 21:52:42', '5.50', '4.91', '0.59', '0.00', '0.00', '0.00', '0.00', '0.00', '0.00', 0, 0, 4, 'Income: 0000082008', '', 'pospos', '', 0, '0000082008', 0, 1, 0, 0),
(9, '2008-12-16 17:40:47', '44.70', '43.21', '1.49', '0.00', '0.00', '0.00', '0.00', '0.00', '0.00', 0, 0, 4, 'Income: 0000092008', '', 'pospos', '', 0, '0000092008', 0, 1, 0, 0),
(10, '2008-12-29 22:19:26', '29.15', '25.14', '4.01', '0.00', '0.00', '0.00', '0.00', '0.00', '0.00', 0, 0, 4, 'Income: 0000102008', '', 'pospos', '', 0, '0000102008', 0, 1, 0, 0),
(11, '2008-12-29 22:30:12', '5.00', '5.00', '0.00', '0.00', '0.00', '0.00', '0.00', '0.00', '0.00', 0, 0, 4, 'Income: 0000112008', '', 'pospos', '', 0, '0000112008', 0, 1, 0, 0),
(12, '2009-01-08 21:32:40', '5.15', '4.60', '0.55', '0.00', '0.00', '0.00', '0.00', '0.00', '0.00', 0, 0, 4, 'Income: 0000012009', '', 'palmpalm', '', 0, '0000012009', 0, 1, 0, 0),
(13, '2009-01-08 21:33:08', '7.20', '5.54', '1.66', '0.00', '0.00', '0.00', '0.00', '0.00', '0.00', 0, 0, 4, 'Income: 0000022009', '', 'palmpalm', '', 0, '0000022009', 0, 1, 0, 0),
(14, '2009-01-08 21:53:02', '39.50', '35.78', '3.72', '0.00', '0.00', '0.00', '0.00', '0.00', '0.00', 0, 0, 4, 'Income: 0000032009', '', 'pospos', '', 0, '0000032009', 0, 1, 0, 0),
(15, '2009-01-08 21:53:59', '5.00', '5.00', '0.00', '0.00', '0.00', '0.00', '0.00', '0.00', '0.00', 0, 0, 4, 'Income: 0000042009', '', 'pospos', '', 0, '0000042009', 0, 1, 0, 0),
(16, '2009-01-08 22:31:43', '8.60', '7.77', '0.83', '0.00', '0.00', '0.00', '0.00', '0.00', '0.00', 0, 0, 4, 'Income: 0000052009', '', 'pospos', '', 0, '0000052009', 0, 1, 0, 0),
(17, '2009-01-08 22:49:56', '7.15', '6.69', '0.46', '0.00', '0.00', '0.00', '0.00', '0.00', '0.00', 0, 0, 4, 'Income: 0000062009', '', 'pospos', '', 0, '0000062009', 0, 1, 0, 0),
(18, '2009-01-09 18:05:29', '5.00', '5.00', '0.00', '0.00', '0.00', '0.00', '0.00', '0.00', '0.00', 0, 0, 4, 'Income: 0000072009', '', 'pospos', '', 0, '0000072009', 0, 1, 0, 0),
(19, '2009-01-09 18:57:31', '13.40', '11.72', '1.68', '0.00', '0.00', '0.00', '0.00', '0.00', '0.00', 0, 0, 4, 'Income: 0000082009', '', 'pospos', '', 0, '0000082009', 0, 1, 0, 0),
(20, '2009-01-10 22:02:44', '19.00', '18.25', '0.75', '0.00', '0.00', '0.00', '0.00', '0.00', '0.00', 0, 0, 4, 'Income: 0000092009', '', 'pospos', '', 0, '0000092009', 0, 1, 0, 0),
(21, '2009-01-10 22:20:05', '2.00', '1.54', '0.46', '0.00', '0.00', '0.00', '0.00', '0.00', '0.00', 0, 0, 4, 'Income: 0000102009', '', 'pospos', '', 0, '0000102009', 0, 1, 0, 0),
(22, '2009-01-10 23:40:43', '5.15', '5.15', '0.00', '0.00', '0.00', '0.00', '0.00', '0.00', '0.00', 0, 0, 4, 'Income: 0000112009', '', 'pospos', '', 0, '0000112009', 0, 1, 0, 0),
(23, '2009-01-10 23:58:07', '10.50', '9.37', '1.12', '0.00', '0.00', '0.00', '0.00', '0.00', '0.00', 0, 0, 4, 'Income: 0000122009', '', 'pospos', '', 0, '0000122009', 0, 1, 0, 0),
(24, '2009-01-11 03:14:00', '12.40', '9.54', '2.86', '0.00', '0.00', '0.00', '0.00', '0.00', '0.00', 0, 0, 4, 'Income: 0000132009', '', 'pospos', '', 0, '0000132009', 0, 1, 0, 0),
(25, '2009-01-11 23:59:54', '5.00', '5.00', '0.00', '0.00', '0.00', '0.00', '0.00', '0.00', '0.00', 0, 0, 4, 'Income: 0000142009', '', 'pospos', '', 0, '0000142009', 0, 1, 0, 0),
(26, '2009-01-12 00:31:46', '10.00', '10.00', '0.00', '0.00', '0.00', '0.00', '0.00', '0.00', '0.00', 0, 0, 4, 'Income: 0000152009', '', 'pospos', '', 0, '0000152009', 0, 1, 0, 0),
(27, '2009-02-19 21:33:29', '15.75', '14.46', '1.29', '0.00', '0.00', '0.00', '0.00', '0.00', '0.00', 0, 0, 5, 'Income: 0000012009', '', 'pospos', '', 0, '0000012009', 0, 1, 0, 0),
(28, '2009-02-20 12:22:30', '27.72', '26.83', '0.89', '0.00', '0.00', '0.00', '0.00', '0.00', '0.00', 0, 0, 4, 'Income: 0000162009', '', 'pospos', '', 0, '0000162009', 0, 1, 0, 0),
(29, '2009-02-20 12:44:22', '30.75', '30.75', '0.00', '0.00', '0.00', '0.00', '0.00', '0.00', '0.00', 0, 0, 5, 'Income: 0000022009', '', 'pospos', '', 0, '0000022009', 0, 1, 0, 0),
(30, '2009-02-20 13:06:04', '1.35', '1.27', '0.08', '0.00', '0.00', '0.00', '0.00', '0.00', '0.00', 0, 0, 4, 'Income: 0000172009', '', 'pospos', '', 0, '0000172009', 0, 1, 0, 0),
(31, '2009-02-20 13:24:15', '16.15', '15.13', '1.02', '0.00', '0.00', '0.00', '0.00', '0.00', '0.00', 0, 0, 4, 'Income: 0000182009', '', 'pospos', '', 0, '0000182009', 0, 1, 0, 0),
(32, '2009-02-20 13:24:25', '5.15', '5.15', '0.00', '0.00', '0.00', '0.00', '0.00', '0.00', '0.00', 0, 0, 4, 'Income: 0000192009', '', 'pospos', '', 0, '0000192009', 0, 1, 0, 0),
(33, '2009-02-20 13:28:07', '7.40', '6.18', '1.22', '0.00', '0.00', '0.00', '0.00', '0.00', '0.00', 0, 0, 4, 'Income: 0000202009', '', 'pospos', '', 0, '0000202009', 0, 1, 0, 0),
(34, '2009-02-20 13:30:42', '17.15', '15.86', '1.29', '0.00', '0.00', '0.00', '0.00', '0.00', '0.00', 0, 0, 4, 'Income: 0000212009', '', 'pospos', '', 0, '0000212009', 0, 1, 0, 0),
(35, '2009-02-20 13:46:45', '8.00', '7.14', '0.86', '0.00', '0.00', '0.00', '0.00', '0.00', '0.00', 0, 0, 4, 'Income: 0000222009', '', 'pospos', '', 0, '0000222009', 0, 1, 0, 0),
(36, '2009-02-20 13:47:55', '16.90', '13.56', '3.34', '0.00', '0.00', '0.00', '0.00', '0.00', '0.00', 0, 0, 4, 'Income: 0000232009', '', 'pospos', '', 0, '0000232009', 0, 1, 0, 0),
(37, '2009-03-21 00:11:24', '26.00', '26.00', '0.00', '0.00', '0.00', '0.00', '0.00', '0.00', '0.00', 0, 0, 4, 'Income: 0000242009', '', 'pospos', '', 0, '0000242009', 0, 1, 0, 0),
(38, '2009-03-21 15:55:56', '5.15', '5.15', '0.00', '0.00', '0.00', '0.00', '0.00', '0.00', '0.00', 0, 0, 4, 'Income: 0000252009', '', 'pospos', '', 0, '0000252009', 0, 1, 0, 0),
(39, '2009-03-21 15:57:20', '10.00', '10.00', '0.00', '0.00', '0.00', '0.00', '0.00', '0.00', '0.00', 0, 0, 4, 'Income: 0000262009', '', 'pospos', '', 0, '0000262009', 0, 1, 0, 0),
(40, '2009-03-21 16:03:20', '5.00', '5.00', '0.00', '0.00', '0.00', '0.00', '0.00', '0.00', '0.00', 0, 0, 4, 'Income: 0000272009', '', 'pospos', '', 0, '0000272009', 0, 1, 0, 0),
(41, '2009-03-21 17:37:56', '5.00', '5.00', '0.00', '0.00', '0.00', '0.00', '0.00', '0.00', '0.00', 0, 0, 4, 'Income: 0000282009', '', 'pospos', '', 0, '0000282009', 0, 1, 0, 0),
(42, '2009-03-21 18:00:37', '15.00', '15.00', '0.00', '0.00', '0.00', '0.00', '0.00', '0.00', '0.00', 0, 0, 4, 'Income: 0000292009', '', 'pospos', '', 0, '0000292009', 0, 1, 0, 0),
(43, '2009-03-21 18:02:09', '5.00', '5.00', '0.00', '0.00', '0.00', '0.00', '0.00', '0.00', '0.00', 0, 0, 4, 'Income: 0000302009', '', 'pospos', '', 0, '0000302009', 0, 1, 0, 0),
(44, '2009-03-21 18:02:41', '5.00', '5.00', '0.00', '0.00', '0.00', '0.00', '0.00', '0.00', '0.00', 0, 0, 4, 'Income: 0000312009', '', 'pospos', '', 0, '0000312009', 0, 1, 0, 0),
(45, '2009-03-21 18:23:39', '10.00', '10.00', '0.00', '0.00', '0.00', '0.00', '0.00', '0.00', '0.00', 0, 0, 4, 'Income: 0000322009', '', 'pospos', '', 0, '0000322009', 0, 1, 0, 0),
(46, '2009-03-21 18:23:43', '5.00', '5.00', '0.00', '0.00', '0.00', '0.00', '0.00', '0.00', '0.00', 0, 0, 4, 'Income: 0000332009', '', 'pospos', '', 0, '0000332009', 0, 1, 0, 0),
(47, '2009-03-21 18:24:32', '10.00', '10.00', '0.00', '0.00', '0.00', '0.00', '0.00', '0.00', '0.00', 0, 0, 4, 'Income: 0000342009', '', 'pospos', '', 0, '0000342009', 0, 1, 0, 0),
(48, '2009-03-21 18:25:28', '10.00', '10.00', '0.00', '0.00', '0.00', '0.00', '0.00', '0.00', '0.00', 0, 0, 4, 'Income: 0000352009', '', 'pospos', '', 0, '0000352009', 0, 1, 0, 0),
(49, '2009-03-21 18:30:27', '5.00', '5.00', '0.00', '0.00', '0.00', '0.00', '0.00', '0.00', '0.00', 0, 0, 4, 'Income: 0000362009', '', 'pospos', '', 0, '0000362009', 0, 1, 0, 0),
(50, '2009-03-21 18:34:01', '5.00', '5.00', '0.00', '0.00', '0.00', '0.00', '0.00', '0.00', '0.00', 0, 0, 4, 'Income: 0000372009', '', 'pospos', '', 0, '0000372009', 0, 1, 0, 0),
(51, '2009-03-21 18:35:44', '5.00', '5.00', '0.00', '0.00', '0.00', '0.00', '0.00', '0.00', '0.00', 0, 0, 4, 'Income: 0000382009', '', 'pospos', '', 0, '0000382009', 0, 1, 0, 0),
(52, '2009-03-21 18:36:06', '5.00', '5.00', '0.00', '0.00', '0.00', '0.00', '0.00', '0.00', '0.00', 0, 0, 4, 'Income: 0000392009', '', 'pospos', '', 0, '0000392009', 0, 1, 0, 0),
(53, '2009-03-21 18:37:08', '15.15', '15.15', '0.00', '0.00', '0.00', '0.00', '0.00', '0.00', '0.00', 0, 0, 4, 'Income: 0000402009', '', 'pospos', '', 0, '0000402009', 0, 1, 0, 0),
(54, '2009-03-21 18:39:37', '25.00', '25.00', '0.00', '0.00', '0.00', '0.00', '0.00', '0.00', '0.00', 0, 0, 4, 'Income: 0000412009', '', 'pospos', '', 0, '0000412009', 0, 1, 0, 0),
(55, '2009-03-21 18:40:05', '5.00', '5.00', '0.00', '0.00', '0.00', '0.00', '0.00', '0.00', '0.00', 0, 0, 4, 'Income: 0000422009', '', 'pospos', '', 0, '0000422009', 0, 1, 0, 0),
(56, '2009-03-21 18:40:09', '10.00', '10.00', '0.00', '0.00', '0.00', '0.00', '0.00', '0.00', '0.00', 0, 0, 4, 'Income: 0000432009', '', 'pospos', '', 0, '0000432009', 0, 1, 0, 0),
(57, '2009-03-21 20:53:27', '6.60', '6.60', '0.00', '0.00', '0.00', '0.00', '0.00', '0.00', '0.00', 0, 0, 4, 'Income: 0000442009', '', 'pospos', '', 0, '0000442009', 0, 1, 0, 0),
(58, '2009-03-21 20:53:48', '16.75', '16.75', '0.00', '0.00', '0.00', '0.00', '0.00', '0.00', '0.00', 0, 0, 4, 'Income: 0000452009', '', 'pospos', '', 0, '0000452009', 0, 1, 0, 0),
(59, '2009-03-21 21:19:23', '15.00', '15.00', '0.00', '0.00', '0.00', '0.00', '0.00', '0.00', '0.00', 0, 0, 4, 'Income: 0000462009', '', 'pospos', '', 0, '0000462009', 0, 1, 0, 0),
(60, '2009-03-21 21:45:30', '5.00', '5.00', '0.00', '0.00', '0.00', '0.00', '0.00', '0.00', '0.00', 0, 0, 4, 'Income: 0000472009', '', 'pospos', '', 0, '0000472009', 0, 1, 0, 0),
(61, '2009-03-21 21:54:49', '5.95', '5.31', '0.64', '0.00', '0.00', '0.00', '0.00', '0.00', '0.00', 0, 0, 4, 'Income: 0000482009', '', 'pospos', '', 0, '0000482009', 0, 1, 0, 0),
(62, '2009-03-21 23:30:43', '5.50', '4.91', '0.59', '0.00', '0.00', '0.00', '0.00', '0.00', '0.00', 0, 0, 4, 'Income: 0000492009', '', 'pospos', '', 0, '0000492009', 0, 1, 0, 0),
(63, '2009-03-21 23:42:11', '5.15', '5.15', '0.00', '0.00', '0.00', '0.00', '0.00', '0.00', '0.00', 0, 0, 4, 'Income: 0000502009', '', 'pospos', '', 0, '0000502009', 0, 1, 0, 0),
(64, '2009-03-22 00:02:51', '29.50', '26.34', '3.16', '0.00', '0.00', '0.00', '0.00', '0.00', '0.00', 0, 0, 4, 'Income: 0000512009', '', 'pospos', '', 0, '0000512009', 0, 1, 0, 0),
(65, '2009-03-22 00:31:35', '5.15', '5.15', '0.00', '0.00', '0.00', '0.00', '0.00', '0.00', '0.00', 0, 0, 4, 'Income: 0000522009', '', 'pospos', '', 0, '0000522009', 0, 1, 0, 0),
(66, '2009-03-22 00:34:02', '43.15', '39.61', '3.54', '0.00', '0.00', '0.00', '0.00', '0.00', '0.00', 0, 0, 4, 'Income: 0000532009', '', 'pospos', '', 0, '0000532009', 0, 1, 0, 0),
(67, '2009-04-16 18:16:36', '15.15', '15.15', '0.00', '0.00', '0.00', '0.00', '0.00', '0.00', '0.00', 0, 0, 4, 'Income: 0000542009', '', 'pospos', '', 0, '0000542009', 0, 1, 0, 0),
(68, '2009-05-05 19:21:01', '9.27', '9.27', '0.00', '0.00', '0.00', '0.00', '0.00', '0.00', '0.00', 0, 0, 4, 'Income: 0000552009', '', 'pospos', '', 0, '0000552009', 0, 1, 0, 0),
(69, '2009-05-05 19:29:56', '21.75', '21.75', '0.00', '0.00', '0.00', '0.00', '0.00', '0.00', '0.00', 0, 0, 4, 'Income: 0000562009', '', 'pospos', '', 0, '0000562009', 0, 1, 0, 0),
(70, '2009-05-05 19:57:58', '5.15', '5.15', '0.00', '0.00', '0.00', '0.00', '0.00', '0.00', '0.00', 0, 0, 4, 'Income: 0000572009', '', 'pospos', '', 0, '0000572009', 0, 1, 0, 0),
(71, '2009-05-19 00:00:00', '0.00', '0.00', '0.00', '-12.00', '0.00', '0.00', '0.00', '0.00', '0.00', 0, 1, 1, 'Fatura Nr. : 1', '1', 'Supplier', '', 0, '', 0, 0, 2, 0),
(72, '2009-05-19 00:00:00', '0.00', '0.00', '0.00', '-1.00', '0.00', '0.00', '0.00', '0.00', '0.00', 0, 1, 1, 'Fatura Nr. : 2', '2', 'Supplier', '', 0, '', 0, 0, 2, 0),
(73, '2009-05-19 00:00:00', '0.00', '0.00', '0.00', '-2.00', '0.00', '0.00', '0.00', '0.00', '0.00', 0, 1, 1, 'Fatura Nr. : 2', '2', 'Supplier', '', 0, '', 0, 0, 2, 0),
(74, '2009-05-21 00:00:00', '0.00', '0.00', '0.00', '-4.00', '0.00', '0.00', '0.00', '0.00', '0.00', 0, 1, 1, 'Fatura Nr. : 4', '4', 'Supplier', '', 0, '', 0, 0, 2, 0);

-- --------------------------------------------------------

--
-- Table structure for table `account_receipts`
--

DROP TABLE IF EXISTS `account_receipts`;
CREATE TABLE IF NOT EXISTS `account_receipts` (
  `id` int(10) unsigned NOT NULL auto_increment,
  `internal_id` text NOT NULL,
  `timestamp` timestamp NOT NULL default CURRENT_TIMESTAMP on update CURRENT_TIMESTAMP,
  `amount` decimal(10,2) NOT NULL default '0.00',
  `type` tinyint(4) NOT NULL default '0',
  `annulled` tinyint(4) NOT NULL default '0',
  UNIQUE KEY `id` (`id`)
) ENGINE=MyISAM DEFAULT CHARSET=latin1 AUTO_INCREMENT=1 ;

--
-- Dumping data for table `account_receipts`
--


-- --------------------------------------------------------

--
-- Table structure for table `account_stock_log`
--

DROP TABLE IF EXISTS `account_stock_log`;
CREATE TABLE IF NOT EXISTS `account_stock_log` (
  `id` bigint(20) unsigned NOT NULL auto_increment,
  `timestamp` timestamp NOT NULL default CURRENT_TIMESTAMP on update CURRENT_TIMESTAMP,
  `name` text NOT NULL,
  `quantity` int(11) NOT NULL default '0',
  `invoice_id` bigint(20) unsigned NOT NULL default '0',
  `value` decimal(10,2) NOT NULL default '0.00',
  UNIQUE KEY `id` (`id`)
) ENGINE=MyISAM DEFAULT CHARSET=latin1 AUTO_INCREMENT=1 ;

--
-- Dumping data for table `account_stock_log`
--


-- --------------------------------------------------------

--
-- Table structure for table `allowed_clients`
--

DROP TABLE IF EXISTS `allowed_clients`;
CREATE TABLE IF NOT EXISTS `allowed_clients` (
  `id` bigint(20) NOT NULL auto_increment,
  `host` text NOT NULL,
  `description` text NOT NULL,
  PRIMARY KEY  (`id`)
) ENGINE=MyISAM DEFAULT CHARSET=latin1 AUTO_INCREMENT=1 ;

--
-- Dumping data for table `allowed_clients`
--


-- --------------------------------------------------------

--
-- Table structure for table `autocalc`
--

DROP TABLE IF EXISTS `autocalc`;
CREATE TABLE IF NOT EXISTS `autocalc` (
  `id` smallint(6) NOT NULL auto_increment,
  `name` text NOT NULL,
  `quantity` tinyint(4) NOT NULL default '0',
  `price` decimal(10,2) NOT NULL default '0.00',
  PRIMARY KEY  (`id`)
) ENGINE=MyISAM  DEFAULT CHARSET=latin1 AUTO_INCREMENT=4 ;

--
-- Dumping data for table `autocalc`
--

INSERT INTO `autocalc` (`id`, `name`, `quantity`, `price`) VALUES
(1, '0', 0, '0.25'),
(2, '1', 1, '1.00'),
(3, '2', 2, '0.50');

-- --------------------------------------------------------

--
-- Table structure for table `categories`
--

DROP TABLE IF EXISTS `categories`;
CREATE TABLE IF NOT EXISTS `categories` (
  `id` mediumint(9) NOT NULL auto_increment,
  `name` text collate latin1_general_ci NOT NULL,
  `htmlcolor` text collate latin1_general_ci NOT NULL,
  `vat_rate` mediumint(9) NOT NULL default '0',
  `priority` tinyint(4) NOT NULL default '0',
  `deleted` tinyint(4) NOT NULL default '0',
  `image` varchar(50) collate latin1_general_ci default NULL,
  PRIMARY KEY  (`id`)
) ENGINE=MyISAM  DEFAULT CHARSET=latin1 COLLATE=latin1_general_ci AUTO_INCREMENT=14 ;

--
-- Dumping data for table `categories`
--

INSERT INTO `categories` (`id`, `name`, `htmlcolor`, `vat_rate`, `priority`, `deleted`, `image`) VALUES
(2, 'Primi', '#c8ffe0', 3, 0, 0, NULL),
(3, 'Secondi', '#FF9900', 3, 0, 0, NULL),
(4, 'Contorni', '#c8ffe0', 3, 0, 0, NULL),
(5, 'Dolci', '#FFFF20', 3, 0, 0, NULL),
(6, 'Pizze', '#ffffce', 3, 0, 0, NULL),
(7, 'liquori', '#ffe6e6', 4, 0, 0, NULL),
(8, 'bibite', '#AFFF8D', 3, 1, 0, NULL),
(9, 'vini', '#c8c8e0', 4, 0, 0, NULL),
(1, 'Antipasti', '#ffffce', 5, 2, 0, NULL),
(10, 'Oggi...', '#ffff00', 3, 0, 0, NULL);

-- --------------------------------------------------------

--
-- Table structure for table `ci_sessions`
--

DROP TABLE IF EXISTS `ci_sessions`;
CREATE TABLE IF NOT EXISTS `ci_sessions` (
  `session_id` varchar(40) NOT NULL default '0',
  `ip_address` varchar(16) NOT NULL default '0',
  `user_agent` varchar(50) NOT NULL,
  `last_activity` int(10) unsigned NOT NULL default '0',
  `user_data` text NOT NULL,
  PRIMARY KEY  (`session_id`)
) ENGINE=MyISAM DEFAULT CHARSET=latin1;

--
-- Dumping data for table `ci_sessions`
--


-- --------------------------------------------------------

--
-- Table structure for table `conf`
--

DROP TABLE IF EXISTS `conf`;
CREATE TABLE IF NOT EXISTS `conf` (
  `id` int(11) NOT NULL auto_increment,
  `name` mediumtext NOT NULL,
  `value` mediumtext NOT NULL,
  `bool` tinyint(4) NOT NULL default '0',
  `defaultval` mediumtext NOT NULL,
  PRIMARY KEY  (`id`),
  KEY `name` (`name`(10))
) ENGINE=MyISAM  DEFAULT CHARSET=latin1 AUTO_INCREMENT=46 ;

--
-- Dumping data for table `conf`
--

INSERT INTO `conf` (`id`, `name`, `value`, `bool`, `defaultval`) VALUES
(1, 'max_ingreds_per_page', '5						', 0, '5'),
(4, 'top_list_show_top', '5', 0, '3'),
(5, 'show_mods_in_summary', '1', 1, '0'),
(6, 'day_end', '033000', 0, '033000'),
(7, 'printing_system', 'win', 0, 'win'),
(8, 'association_automatic', '1', 1, '0'),
(9, 'disassociation_allow', '1', 1, '1'),
(10, 'autocalc_considers_removed', '0', 1, '0'),
(12, 'refresh_time_management', '0.5', 0, '0.5'),
(13, 'management_table_header_repeater', '20', 0, '20'),
(15, 'lock_time', '10', 0, '10'),
(16, 'default_language', 'en							', 0, 'en'),
(17, 'vendor_name', 'Gjergj Sheldija', 0, 'Gjergj Sheldija'),
(18, 'vendor_email', 'gjergj.sheldija@gmail.com', 0, 'gjergj.sheldija@gmail.com'),
(19, 'default_quantity', '1', 0, '1'),
(21, 'print_remaining_tickets_anyway', '1', 1, '1'),
(22, 'print_remaining_tickets_if_takeaway', '1', 1, '1'),
(25, 'refresh_automatic_on_menu', '10', 0, '10'),
(26, 'refresh_automatic_to_menu', '0', 0, '0'),
(28, 'service_fee_price', '0', 0, '1'),
(30, 'invisible_show', '0', 1, '0'),
(32, 'menu_tables_per_row_waiter', '5', 0, '5'),
(33, 'menu_tables_per_row_cashier', '5', 0, '10'),
(35, 'orders_show_deleted', '0', 1, '1'),
(36, 'show_summary', '0', 1, '1'),
(37, 'service_fee_use', '0', 1, '1'),
(38, 'takeaway_allow_unknown_customer', '1', 1, '0'),
(42, 'country', '2', 0, '90'),
(43, 'creation_back_to_category', '0', 1, '1'),
(44, 'rows_per_page', '60', 0, '15'),
(45, 'default_priority', '2', 0, '0');

-- --------------------------------------------------------

--
-- Table structure for table `countries`
--

DROP TABLE IF EXISTS `countries`;
CREATE TABLE IF NOT EXISTS `countries` (
  `id` int(11) NOT NULL auto_increment,
  `name` text NOT NULL,
  `currency_letter` text NOT NULL,
  `currency_name` text NOT NULL,
  `currency_html` text NOT NULL,
  PRIMARY KEY  (`id`)
) ENGINE=MyISAM  DEFAULT CHARSET=latin1 AUTO_INCREMENT=307 ;

--
-- Dumping data for table `countries`
--

INSERT INTO `countries` (`id`, `name`, `currency_letter`, `currency_name`, `currency_html`) VALUES
(1, 'Afghanistan', 'AFA', 'Afghanis', ''),
(2, 'Albania', 'ALL', 'Leke', ''),
(3, 'Algeria', 'DZD', 'Dinars', ''),
(4, 'America (United States of America)', 'USD', 'Dollars', '$'),
(5, 'American Samoa', 'USD', 'United States Dollars', '$'),
(6, 'American Virgin Islands', 'USD', 'United States Dollars', '$'),
(7, 'Andorra', 'EUR', 'Euro', '&#8364;'),
(8, 'Angola', 'AOA', 'Kwanza', ''),
(9, 'Anguilla', 'XCD', 'East Caribbean Dollars', ''),
(10, 'Antigua and Barbuda', 'XCD', 'East Caribbean Dollars', ''),
(11, 'Argentina', 'ARS', 'Pesos', ''),
(12, 'Armenia', 'AMD', 'Drams', ''),
(13, 'Aruba', 'AWG', 'Guilders', ''),
(14, 'Aruba', 'ANG', 'Netherlands Antilles Guilders', ''),
(15, 'Australia', 'AUD', 'Dollars', ''),
(16, 'Austria', 'EUR', 'Euro', '&#8364;'),
(17, 'Azerbaijan', 'AZM', 'Manats', ''),
(18, 'Azores', 'EUR', 'Euro', '&#8364;'),
(19, 'Bahamas', 'BSD', 'Dollars', ''),
(20, 'Bahrain', 'BHD', 'Dinars', ''),
(21, 'Baleares (Balearic Islands)', 'EUR', 'Euro', '&#8364;'),
(22, 'Bangladesh', 'BDT', 'Taka', ''),
(23, 'Barbados', 'BBD', 'Dollars', ''),
(24, 'Barbuda and Antigua', 'XCD', 'East Caribbean Dollars', ''),
(25, 'Belarus', 'BYR', 'Rubles', ''),
(26, 'Belgium', 'EUR', 'Euro', '&#8364;'),
(27, 'Belize', 'BZD', 'Dollars', ''),
(28, 'Benin', 'XOF', 'Communaut&eacute; Financi&egrave;re Africaine Francs (BCEAO)', ''),
(29, 'Bermuda', 'BMD', 'Dollars', ''),
(30, 'Bhutan', 'BTN', 'Ngultrum', ''),
(31, 'Bhutan', 'INR', 'India Rupeess', ''),
(32, 'Bolivia', 'BOB', 'Bolivianos', ''),
(33, 'Bonaire', 'ANG', 'Netherlands Antilles Guilders', ''),
(34, 'Bosnia and Herzegovina', 'BAM', 'Convertible Marka', ''),
(35, 'Botswana', 'BWP', 'Pulas', ''),
(36, 'Bouvet Island', 'NOK', 'Norway Kroner', ''),
(37, 'Brazil', 'BRL', 'Real', ''),
(38, 'Britain (United Kingdom)', 'GBP', 'Pounds', '&#163;'),
(39, 'British Indian Ocean Territory', 'USD', 'United States Dollars', '$'),
(40, 'British Virgin Islands', 'USD', 'United States Dollars', '$'),
(41, 'Brunei Darussalam', 'BND', 'Dollars', ''),
(42, 'Bulgaria', 'BGN', 'Leva', ''),
(43, 'Burkina Faso', 'XOF', 'Communaut&eacute; Financi&egrave;re Africaine Francs (BCEAO)', ''),
(44, 'Burma (Myanmar)', 'MMK', 'Kyats', ''),
(45, 'Burundi', 'BIF', 'Francs', ''),
(46, 'C&ocirc;te D''Ivoire', 'XOF', 'Communaut&eacute; Financi&egrave;re Africaine Francs (BCEAO)', ''),
(47, 'Caicos and Turks Islands', 'USD', 'United States Dollars', '$'),
(48, 'Cambodia', 'KHR', 'Riels', ''),
(49, 'Cameroon', 'XAF', 'Communaut&eacute; Financi&egrave;re Africaine Francs (BEAC)', ''),
(50, 'Canada', 'CAD', 'Dollars', ''),
(51, 'Canary Islands', 'EUR', 'Euro', '&#8364;'),
(52, 'Cape Verde', 'CVE', 'Escudos', ''),
(53, 'Cayman Islands', 'KYD', 'Dollars', ''),
(54, 'Central African Republic', 'XAF', 'Communaut&eacute; Financi&egrave;re Africaine Francs (BEAC)', ''),
(55, 'Chad', 'XAF', 'Communaut&eacute; Financi&egrave;re Africaine Francs (BEAC)', ''),
(56, 'Chile', 'CLP', 'Pesos', ''),
(57, 'China', 'CNY', 'Yuan Renminbi', ''),
(58, 'Christmas Island', 'AUD', 'Australia Dollars', ''),
(59, 'Cocos (Keeling) Islands', 'AUD', 'Australia Dollars', ''),
(60, 'Colombia', 'COP', 'Pesos', ''),
(61, 'Communaut&eacute; Financi&egrave;re Africaine (CFA)', 'XAF', 'Francs', ''),
(62, 'Comoros', 'KMF', 'Francs', ''),
(63, 'Comptoirs Fran&ccedil;ais du Pacifique (CFP)', 'XPF', 'Francs', ''),
(64, 'Congo/Brazzaville', 'XAF', 'Communaut&eacute; Financi&egrave;re Africaine Francs (BEAC)', ''),
(65, 'Congo/Kinshasa', 'CDF', 'Francs', ''),
(66, 'Cook Islands', 'NZD', 'New Zealand Dollars', ''),
(67, 'Costa Rica', 'CRC', 'Colones', '&#8353;'),
(68, 'Croatia', 'HRK', 'Kuna', ''),
(69, 'Cuba', 'CUP', 'Pesos', ''),
(70, 'Cura&ccedil;o', 'ANG', 'Netherlands Antilles Guilders', ''),
(71, 'Cyprus', 'CYP', 'Pounds', ''),
(72, 'Czech Republic', 'CZK', 'Koruny', ''),
(73, 'Denmark', 'DKK', 'Kroner', ''),
(74, 'Djibouti', 'DJF', 'Francs', ''),
(75, 'Dominica', 'XCD', 'East Caribbean Dollars', ''),
(76, 'Dominican Republic', 'DOP', 'Pesos', ''),
(78, 'East Caribbean Dollars', 'XCD', '', ''),
(79, 'East Timor', 'IDR', 'Indonesia Rupiahs', ''),
(80, 'Ecuador', 'USD', 'United States Dollars', '$'),
(81, 'Egypt', 'EGP', 'Pounds', ''),
(82, 'Eire (Ireland)', 'EUR', 'Euro', '&#8364;'),
(83, 'El Salvador', 'SVC', 'Colones', '&#8353;'),
(84, 'England (United Kingdom)', 'GBP', 'Pounds', '&#163;'),
(85, 'Equatorial Guinea', 'XAF', 'Communaut&eacute; Financi&egrave;re Africaine Francs (BEAC)', ''),
(86, 'Eritrea', 'ETB', 'Ethiopia Birr', ''),
(87, 'Eritrea', 'ERN', 'Nakfa', ''),
(88, 'Estonia', 'EEK', 'Krooni', ''),
(89, 'Ethiopia', 'ETB', 'Birr', ''),
(90, 'Euro Member Countries', 'EUR', 'Euro', '&#8364;'),
(91, 'Falkland Islands (Malvinas)', 'FKP', 'Pounds', ''),
(92, 'Faroe Islands', 'DKK', 'Denmark Kroner', ''),
(93, 'Fiji', 'FJD', 'Dollars', ''),
(94, 'Finland', 'EUR', 'Euro', '&#8364;'),
(95, 'France', 'EUR', 'Euro', '&#8364;'),
(96, 'French Guiana', 'EUR', 'Euro', '&#8364;'),
(97, 'French Pacific Islands (French Polynesia)', 'XPF', 'Comptoirs Fran&ccedil;ais du Pacifique Francs', ''),
(98, 'French Polynesia (French Pacific Islands)', 'XPF', 'Comptoirs Fran&ccedil;ais du Pacifique Francs', ''),
(99, 'French Southern Territories', 'EUR', 'Euro', '&#8364;'),
(100, 'Futuna and Wallis Islands', 'XPF', 'Comptoirs Fran&ccedil;ais du Pacifique Francs', ''),
(101, 'Gabon', 'XAF', 'Communaut&eacute; Financi&egrave;re Africaine Francs (BEAC)', ''),
(102, 'Gambia', 'GMD', 'Dalasi', ''),
(103, 'Georgia', 'GEL', 'Lari', ''),
(104, 'Germany', 'EUR', 'Euro', '&#8364;'),
(105, 'Ghana', 'GHC', 'Cedis', ''),
(106, 'Gibraltar', 'GIP', 'Pounds', ''),
(107, 'Gold', 'XAU', 'Ounces', ''),
(108, 'Great Britain (United Kingdom)', 'GBP', 'Pounds', '&#163;'),
(109, 'Greece', 'EUR', 'Euro', '&#8364;'),
(110, 'Greenland', 'DKK', 'Denmark Kroner', ''),
(111, 'Grenada', 'XCD', 'East Caribbean Dollars', ''),
(112, 'Grenadines (The) and Saint Vincent', 'XCD', 'East Caribbean Dollars', ''),
(113, 'Guadeloupe', 'EUR', 'Euro', '&#8364;'),
(114, 'Guam', 'USD', 'United States Dollars', '$'),
(115, 'Guatemala', 'GTQ', 'Quetzales', ''),
(116, 'Guernsey', 'GGP', 'Pounds', ''),
(117, 'Guinea', 'GNF', 'Francs', ''),
(118, 'Guinea-Bissau', 'XOF', 'Communaut&eacute; Financi&egrave;re Africaine Francs (BCEAO)', ''),
(119, 'Guyana', 'GYD', 'Dollars', ''),
(120, 'Haiti', 'HTG', 'Gourdes', ''),
(121, 'Haiti', 'USD', 'United States Dollars', '$'),
(122, 'Heard Island and McDonald Islands', 'AUD', 'Australia Dollars', ''),
(123, 'Herzegovina and Bosnia', 'BAM', 'Convertible Marka', ''),
(124, 'Holland (Netherlands)', 'EUR', 'Euro', '&#8364;'),
(125, 'Holy See', 'EUR', '(Vatican City)', '&#8364;'),
(126, 'Honduras', 'HNL', 'Lempiras', ''),
(127, 'Hong Kong', 'HKD', 'Dollars', ''),
(128, 'Hungary', 'HUF', 'Forint', ''),
(129, 'Iceland', 'ISK', 'Kronur', ''),
(130, 'India', 'INR', 'Rupees', '&#8360;'),
(131, 'Indonesia', 'IDR', 'Rupiahs', ''),
(132, 'International Monetary Fund (IMF)', 'XDR', 'Special Drawing Rights', ''),
(133, 'Iran', 'IRR', 'Rials', ''),
(134, 'Iraq', 'IQD', 'Dinars', ''),
(135, 'Ireland (Eire)', 'EUR', 'Euro', '&#8364;'),
(136, 'Isle of Man', 'IMP', 'Pounds', ''),
(137, 'Israel', 'ILS', 'New Shekels', ''),
(138, 'Italy', 'EUR', 'Euro', '&#8364;'),
(139, 'Jamaica', 'JMD', 'Dollars', ''),
(140, 'Jan Mayen and Svalbard', 'NOK', 'Norway Kroner', ''),
(141, 'Japan', 'JPY', 'Yen', '&#165;'),
(142, 'Jersey', 'JEP', 'Pounds', ''),
(143, 'Jordan', 'JOD', 'Dinars', ''),
(144, 'Kazakstan', 'KZT', 'Tenge', ''),
(145, 'Keeling (Cocos) Islands', 'AUD', 'Australia Dollars', ''),
(146, 'Kenya', 'KES', 'Shillings', ''),
(147, 'Kiribati', 'AUD', 'Australia Dollars', ''),
(148, 'Korea (North)', 'KPW', 'Won', '&#8361;'),
(149, 'Korea (South)', 'KRW', 'Won', '&#8361;'),
(150, 'Kuwait', 'KWD', 'Dinars', ''),
(151, 'Kyrgyzstan', 'KGS', 'Soms', ''),
(152, 'Laos', 'LAK', 'Kips', ''),
(153, 'Latvia', 'LVL', 'Lati', ''),
(154, 'Lebanon', 'LBP', 'Pounds', ''),
(155, 'Lesotho', 'LSL', 'Maloti', ''),
(156, 'Lesotho', 'ZAR', 'South Africa Rand', ''),
(157, 'Liberia', 'LRD', 'Dollars', ''),
(158, 'Libya', 'LYD', 'Dinars', ''),
(159, 'Liechtenstein', 'CHF', 'Switzerland Francs', ''),
(160, 'Lithuania', 'LTL', 'Litai', ''),
(161, 'Luxembourg', 'EUR', 'Euro', '&#8364;'),
(162, 'Macau', 'MOP', 'Patacas', ''),
(163, 'Macedonia', 'MKD', 'Denars', ''),
(164, 'Madagascar', 'MGA', 'Ariary', ''),
(165, 'Madeira Islands', 'EUR', 'Euro', '&#8364;'),
(166, 'Malawi', 'MWK', 'Kwachas', ''),
(167, 'Malaysia', 'MYR', 'Ringgits', ''),
(168, 'Maldives (Maldive Islands)', 'MVR', 'Rufiyaa', ''),
(169, 'Mali', 'XOF', 'Communaut&eacute; Financi&egrave;re Africaine Francs (BCEAO)', ''),
(170, 'Malta', 'MTL', 'Liri', ''),
(171, 'Malvinas (Falkland Islands)', 'FKP', 'Pounds', ''),
(172, 'Mariana Islands (Northern)', 'USD', 'United States Dollars', '$'),
(173, 'Marshall Islands', 'USD', 'United States Dollars', '$'),
(174, 'Martinique', 'EUR', 'Euro', '&#8364;'),
(175, 'Mauritania', 'MRO', 'Ouguiyas', ''),
(176, 'Mauritius', 'MUR', 'Rupees', ''),
(177, 'Mayotte', 'EUR', 'Euro', '&#8364;'),
(178, 'McDonald Islands and Heard Island', 'AUD', 'Australia Dollars', ''),
(179, 'Mexico', 'MXN', 'Pesos', ''),
(180, 'Micronesia (Federated States of)', 'USD', 'United States Dollars', '$'),
(181, 'Midway Islands', 'USD', 'United States Dollars', '$'),
(182, 'Miquelon and Saint Pierre', 'EUR', 'Euro', '&#8364;'),
(183, 'Moldova', 'MDL', 'Lei', ''),
(184, 'Monaco', 'EUR', 'Euro', '&#8364;'),
(185, 'Mongolia', 'MNT', 'Tugriks', ''),
(186, 'Montenegro', 'EUR', 'Euro', '&#8364;'),
(187, 'Montserrat', 'XCD', 'East Caribbean Dollars', ''),
(188, 'Morocco', 'MAD', 'Dirhams', ''),
(189, 'Mozambique', 'MZM', 'Meticais', ''),
(190, 'Myanmar (Burma)', 'MMK', 'Kyats', ''),
(191, 'Namibia', 'NAD', 'Dollars', ''),
(192, 'Namibia', 'ZAR', 'South Africa Rand', ''),
(193, 'Nauru', 'AUD', 'Australia Dollars', ''),
(194, 'Nepal', 'NPR', 'Rupees', ''),
(195, 'Netherlands Antilles', 'ANG', 'Guilders', ''),
(196, 'Netherlands', 'EUR', 'Euro', '&#8364;'),
(197, 'Nevis and Saint Kitts', 'XCD', 'East Caribbean Dollars', ''),
(198, 'New Caledonia', 'XPF', 'Comptoirs Fran&ccedil;ais du Pacifique Francs', ''),
(199, 'New Zealand', 'NZD', 'Dollars', ''),
(200, 'Nicaragua', 'NIO', 'Gold Cordobas', ''),
(201, 'Niger', 'XOF', 'Communaut&eacute; Financi&egrave;re Africaine Francs (BCEAO)', ''),
(202, 'Nigeria', 'NGN', 'Nairas', '&#8358;'),
(203, 'Niue', 'NZD', 'New Zealand Dollars', ''),
(204, 'Norfolk Island', 'AUD', 'Australia Dollars', ''),
(205, 'Northern Mariana Islands', 'USD', 'United States Dollars', '$'),
(206, 'Norway', 'NOK', 'Kroner', ''),
(207, 'Oman', 'OMR', 'Rials', ''),
(208, 'Pakistan', 'PKR', 'Rupees', ''),
(209, 'Palau', 'USD', 'United States Dollars', '$'),
(210, 'Palladium', 'XPD', 'Ounces', ''),
(211, 'Panama', 'PAB', 'Balboa', ''),
(212, 'Panama', 'USD', 'United States Dollars', '$'),
(213, 'Papua New Guinea', 'PGK', 'Kina', ''),
(214, 'Paraguay', 'PYG', 'Guarani', ''),
(215, 'Peru', 'PEN', 'Nuevos Soles', ''),
(216, 'Philippines', 'PHP', 'Pesos', ''),
(217, 'Pitcairn Islands', 'NZD', 'New Zealand Dollars', ''),
(218, 'Platinum', 'XPT', 'Ounces', ''),
(219, 'Poland', 'PLN', 'Zlotych', ''),
(220, 'Portugal', 'EUR', 'Euro', '&#8364;'),
(221, 'Principe and S&atilde;o Tome', 'STD', 'Dobras', ''),
(222, 'Puerto Rico', 'USD', 'United States Dollars', '$'),
(223, 'Qatar', 'QAR', 'Rials', ''),
(224, 'R&eacute;union', 'EUR', 'Euro', '&#8364;'),
(225, 'Romania', 'ROL', 'Lei', ''),
(226, 'Russia', 'RUR', 'Rubles', ''),
(227, 'Rwanda', 'RWF', 'Francs', ''),
(228, 'S&atilde;o Tome and Principe', 'STD', 'Dobras', ''),
(229, 'Saba', 'ANG', 'Netherlands Antilles Guilders', ''),
(230, 'Sahara (Western)', 'MAD', 'Morocco Dirhams', ''),
(231, 'Saint Christopher', 'XCD', 'East Caribbean Dollars', ''),
(232, 'Saint Helena', 'SHP', 'Pounds', ''),
(233, 'Saint Kitts and Nevis', 'XCD', 'East Caribbean Dollars', ''),
(234, 'Saint Lucia', 'XCD', 'East Caribbean Dollars', ''),
(235, 'Saint Pierre and Miquelon', 'EUR', 'Euro', '&#8364;'),
(236, 'Saint Vincent and The Grenadines', 'XCD', 'East Caribbean Dollars', ''),
(237, 'Saint-Martin', 'EUR', 'Euro', '&#8364;'),
(238, 'Samoa (American)', 'USD', 'United States Dollars', '$'),
(239, 'Samoa', 'WST', 'Tala', ''),
(240, 'San Marino', 'EUR', 'Euro', '&#8364;'),
(241, 'Saudi Arabia', 'SAR', 'Riyals', ''),
(242, 'Seborga', 'SPL', 'Luigini', ''),
(243, 'Senegal', 'XOF', 'Communaut&eacute; Financi&egrave;re Africaine Francs (BCEAO)', ''),
(244, 'Serbia', 'CSD', 'Dinars', ''),
(245, 'Seychelles', 'SCR', 'Rupees', ''),
(246, 'Sierra Leone', 'SLL', 'Leones', ''),
(247, 'Silver', 'XAG', 'Ounces', ''),
(248, 'Singapore', 'SGD', 'Dollars', ''),
(249, 'Sint Eustatius', 'ANG', 'Netherlands Antilles Guilders', ''),
(250, 'Sint Maarten', 'ANG', 'Netherlands Antilles Guilders', ''),
(251, 'Slovakia', 'SKK', 'Koruny', ''),
(252, 'Slovenia', 'SIT', 'Tolars', ''),
(253, 'Solomon Islands', 'SBD', 'Dollars', ''),
(254, 'Somalia', 'SOS', 'Shillings', ''),
(255, 'South Africa', 'ZAR', 'Rand', ''),
(256, 'South Georgia', 'GBP', 'United Kingdom Pounds', '&#163;'),
(257, 'South Sandwich Islands', 'GBP', 'United Kingdom Pounds', '&#163;'),
(258, 'Spain', 'EUR', 'Euro', '&#8364;'),
(259, 'Special Drawing Rights', 'XDR', '', ''),
(260, 'Sri Lanka', 'LKR', 'Rupees', ''),
(261, 'Sudan', 'SDD', 'Dinars', ''),
(262, 'Suriname', 'SRD', 'Dollars', ''),
(263, 'Svalbard and Jan Mayen', 'NOK', 'Norway Kroner', ''),
(264, 'Swaziland', 'SZL', 'Emalangeni', ''),
(265, 'Sweden', 'SEK', 'Kronor', ''),
(266, 'Switzerland', 'CHF', 'Francs', ''),
(267, 'Syria', 'SYP', 'Pounds', ''),
(268, 'Taiwan', 'TWD', 'New Dollars', ''),
(269, 'Tajikistan', 'RUR', 'Russia Rubles', ''),
(270, 'Tajikistan', 'TJS', 'Somoni', ''),
(271, 'Tanzania', 'TZS', 'Shillings', ''),
(272, 'Thailand', 'THB', 'Baht', '&#3647;'),
(273, 'Timor (East)', 'IDR', 'Indonesia Rupiahs', ''),
(274, 'Tobago and Trinidad', 'TTD', 'Dollars', ''),
(275, 'Togo', 'XOF', 'Communaut&eacute; Financi&egrave;re Africaine Francs (BCEAO)', ''),
(276, 'Tokelau', 'NZD', 'New Zealand Dollars', ''),
(277, 'Tonga', 'TOP', 'Pa''anga', ''),
(278, 'Trinidad and Tobago', 'TTD', 'Dollars', ''),
(279, 'Tunisia', 'TND', 'Dinars', ''),
(280, 'Turkey', 'TRL', 'Liras', ''),
(281, 'Turkmenistan', 'TMM', 'Manats', ''),
(282, 'Turks and Caicos Islands', 'USD', 'United States Dollars', '$'),
(283, 'Tuvalu', 'TVD', 'Tuvalu Dollars', ''),
(284, 'Uganda', 'UGX', 'Shillings', ''),
(285, 'Ukraine', 'UAH', 'Hryvnia', ''),
(286, 'United Arab Emirates', 'AED', 'Dirhams', ''),
(287, 'United Kingdom', 'GBP', 'Pounds', '&#163;'),
(288, 'United States Minor Outlying Islands', 'USD', 'United States Dollars', '$'),
(289, 'United States of America', 'USD', 'Dollars', '$'),
(290, 'Uruguay', 'UYU', 'Pesos', ''),
(291, 'US Virgin Islands', 'USD', 'United States Dollars', '$'),
(292, 'Uzbekistan', 'UZS', 'Sums', ''),
(293, 'Vanuatu', 'VUV', 'Vatu', ''),
(294, 'Vatican City (The Holy See)', 'EUR', 'Euro', '&#8364;'),
(295, 'Venezuela', 'VEB', 'Bolivares', ''),
(296, 'Viet Nam', 'VND', 'Dong', '&#8363;'),
(297, 'Virgin Islands (American)', 'USD', 'United States Dollars', '$'),
(298, 'Virgin Islands (British)', 'USD', 'United States Dollars', '$'),
(299, 'Wake Island', 'USD', 'United States Dollars', '$'),
(300, 'Wallis and Futuna Islands', 'XPF', 'Comptoirs Fran&ccedil;ais du Pacifique Francs', ''),
(301, 'West Samoa (Samoa)', 'WST', 'Tala', ''),
(302, 'Western Sahara', 'MAD', 'Morocco Dirhams', ''),
(303, 'Western Samoa (Samoa)', 'WST', 'Tala', ''),
(304, 'Yemen', 'YER', 'Rials', ''),
(305, 'Zambia', 'ZMK', 'Kwacha', ''),
(306, 'Zimbabwe', 'ZWD', 'Zimbabwe Dollars', '');

-- --------------------------------------------------------

--
-- Table structure for table `currencies`
--

DROP TABLE IF EXISTS `currencies`;
CREATE TABLE IF NOT EXISTS `currencies` (
  `id` mediumint(9) NOT NULL auto_increment,
  `name` text NOT NULL,
  `rate` decimal(10,2) NOT NULL default '0.00',
  `active` tinyint(1) NOT NULL,
  PRIMARY KEY  (`id`)
) ENGINE=MyISAM  DEFAULT CHARSET=latin1 AUTO_INCREMENT=4 ;

--
-- Dumping data for table `currencies`
--

INSERT INTO `currencies` (`id`, `name`, `rate`, `active`) VALUES
(1, 'Euro', '1255.00', 1),
(3, '$', '10000.00', 1);

-- --------------------------------------------------------

--
-- Table structure for table `customers`
--

DROP TABLE IF EXISTS `customers`;
CREATE TABLE IF NOT EXISTS `customers` (
  `id` bigint(20) NOT NULL auto_increment,
  `name` tinytext NOT NULL,
  `surname` tinytext NOT NULL,
  `address` text NOT NULL,
  `city` tinytext NOT NULL,
  `zip` tinytext NOT NULL,
  `phone` tinytext NOT NULL,
  `mobile` tinytext NOT NULL,
  `email` mediumtext NOT NULL,
  `vat_account` tinytext NOT NULL,
  PRIMARY KEY  (`id`)
) ENGINE=MyISAM  DEFAULT CHARSET=latin1 AUTO_INCREMENT=3 ;

--
-- Dumping data for table `customers`
--

INSERT INTO `customers` (`id`, `name`, `surname`, `address`, `city`, `zip`, `phone`, `mobile`, `email`, `vat_account`) VALUES
(1, 'Gjergj', 'Sheldija', '', '', '', '', '', '', ''),
(2, 'gjergj', 'sheldija', '', '', '', '', '', '', '');

-- --------------------------------------------------------

--
-- Table structure for table `dests`
--

DROP TABLE IF EXISTS `dests`;
CREATE TABLE IF NOT EXISTS `dests` (
  `id` bigint(9) NOT NULL auto_increment,
  `name` text NOT NULL,
  `dest` text NOT NULL,
  `driver` tinytext NOT NULL,
  `bill` tinyint(4) NOT NULL default '0',
  `invoice` tinyint(4) NOT NULL default '0',
  `receipt` tinyint(4) NOT NULL default '0',
  `language` tinytext NOT NULL,
  `dest_ip` text,
  `template` text NOT NULL,
  `deleted` tinyint(4) NOT NULL default '0',
  PRIMARY KEY  (`id`)
) ENGINE=MyISAM  DEFAULT CHARSET=latin1 AUTO_INCREMENT=8 ;

--
-- Dumping data for table `dests`
--

INSERT INTO `dests` (`id`, `name`, `dest`, `driver`, `bill`, `invoice`, `receipt`, `language`, `dest_ip`, `template`, `deleted`) VALUES
(3, 'bar', 'mhr_demo_lpt', 'star', 0, 0, 0, 'en', NULL, 'default', 0),
(2, 'pizzeria', 'mhr_demo_lpt', 'star', 0, 0, 0, 'en', NULL, 'default', 0),
(1, 'kitchen', 'mhr_demo_lpt', 'star', 0, 0, 0, 'en', NULL, 'default', 0),
(4, 'other', 'mhr_demo_lpt', 'star', 0, 0, 0, 'en', NULL, 'default', 0),
(5, 'bill0', 'mhr_demo_lpt', 'star', 1, 0, 0, 'en', NULL, 'default', 0),
(6, 'invoice0', 'mhr_demo_lpt', 'star', 0, 1, 0, 'en', NULL, 'default', 0),
(7, 'receipt0', 'mhr_demo_lpt', 'star', 0, 0, 1, 'en', NULL, 'default', 0);

-- --------------------------------------------------------

--
-- Table structure for table `dishes`
--

DROP TABLE IF EXISTS `dishes`;
CREATE TABLE IF NOT EXISTS `dishes` (
  `id` bigint(9) NOT NULL auto_increment,
  `name` text NOT NULL,
  `ingreds` text NOT NULL,
  `destid` mediumint(9) NOT NULL default '0',
  `price` decimal(10,2) NOT NULL default '0.00',
  `category` mediumint(9) NOT NULL default '1',
  `autocalc` smallint(4) NOT NULL default '0',
  `dispingreds` text NOT NULL,
  `stock_is_on` tinyint(4) NOT NULL default '0',
  `stock` int(11) NOT NULL default '0',
  `generic` tinyint(4) NOT NULL default '0',
  `visible` tinyint(4) NOT NULL default '1',
  `autocalc_skip` tinyint(4) NOT NULL default '0',
  `deleted` tinyint(4) NOT NULL default '0',
  `image` varchar(50) default NULL,
  PRIMARY KEY  (`id`),
  KEY `name` (`name`(14))
) ENGINE=MyISAM  DEFAULT CHARSET=latin1 AUTO_INCREMENT=921 ;

--
-- Dumping data for table `dishes`
--

INSERT INTO `dishes` (`id`, `name`, `ingreds`, `destid`, `price`, `category`, `autocalc`, `dispingreds`, `stock_is_on`, `stock`, `generic`, `visible`, `autocalc_skip`, `deleted`, `image`) VALUES
(2, 'Tomino con verdure alla griglia', '82 84 83 80 81', 1, '6.60', 1, 0, '322 85', 0, 0, 0, 1, 0, 0, NULL),
(3, 'Pane tost. +tomino e crema ai porc.', '', 1, '6.60', 1, 0, '', 0, 0, 0, 1, 0, 0, NULL),
(6, 'Pane tostato con creme', '88 89 90 86', 1, '5.15', 1, 0, '87 85', 0, 0, 0, 1, 0, 0, NULL),
(7, 'Crostini misti', '98 92 96 97 95', 1, '5.00', 1, 0, '322 323 94', 0, 0, 0, 1, 0, 0, NULL),
(8, 'Brusc tradizionale', '103 92 100', 1, '5.00', 1, 0, '', 0, 0, 0, 1, 0, 0, NULL),
(9, 'Bruschetta porcini e formaggio', '2 1 146', 1, '5.00', 1, 0, '331 110', 0, 0, 0, 1, 0, 0, NULL),
(10, 'Brusc gustosa', '103 99 92 100', 1, '5.00', 1, 0, '', 0, 0, 0, 1, 0, 0, NULL),
(11, 'Brusc rustica', '103 99 105', 1, '5.00', 1, 0, '', 0, 0, 0, 1, 0, 0, NULL),
(12, 'Brusc al prosciutto', '103 92', 1, '5.00', 1, 0, '', 0, 0, 0, 1, 0, 0, NULL),
(14, 'Bruschetta Arsenale', '103 106 99 104 107', 1, '6.00', 1, 0, '', 0, 0, 0, 1, 0, 0, NULL),
(15, 'Carpaccio grana e sedano', '110 108 114 112 113', 1, '5.15', 1, 0, '', 0, 0, 0, 1, 0, 0, NULL),
(16, 'Carpaccio grana e rucola', '110 108 114 112 111 113', 1, '5.15', 1, 0, '', 0, 0, 0, 1, 0, 0, NULL),
(17, 'Lombetto ', '116 155 115', 1, '5.15', 1, 0, '', 0, 0, 0, 1, 0, 0, NULL),
(18, 'Insalata caprese con filetti di sarde', '130 131 129 100', 1, '5.15', 1, 0, '91 99 108 150 149', 0, 0, 0, 1, 0, 0, NULL),
(19, 'Insalalata funghi rucola pinoli e grana', '98 108 132 111', 1, '5.15', 1, 0, '338', 0, 0, 0, 1, 0, 0, NULL),
(20, 'Insal Arsenale', '133 134 138 100 136 135 137', 1, '5.15', 1, 0, '338 91 99 108 150 149', 0, 0, 0, 1, 0, 0, NULL),
(21, 'Insalata Paesana', '131 140 141 100 143 142', 1, '5.15', 1, 0, '91 99 108 150 149', 0, 0, 0, 1, 0, 0, NULL),
(22, 'Insalata di gamberi e avocado', '145 144 146', 1, '6.50', 1, 0, '322', 0, 0, 0, 1, 0, 0, NULL),
(23, 'Bruciatini con insalata verde e radicchio', '          147 150 132 149158 342 ', 1, '4.50', 1, 0, '322 287', 0, 0, 0, 1, 0, 0, NULL),
(24, 'Piatto del contadino', '155 92 148 153 151 143 154', 1, '7.00', 1, 0, '322', 0, 0, 0, 1, 0, 0, NULL),
(25, 'Tigelle con pancetta e scamorza', '148 156', 1, '5.00', 1, 0, '322', 0, 0, 0, 1, 0, 0, NULL),
(26, 'Bresaola con grana e pomodoro fresco', '                        130 130 103 106 110 342 ', 1, '5.15', 1, 0, '322', 0, 0, 0, 1, 0, 0, NULL),
(100, 'garganelli con porcini e zucchine', '159 160 161', 1, '5.50', 2, 0, '', 0, 0, 0, 1, 0, 0, NULL),
(101, 'Garganelli paesananm', '164 159 163 166 165', 1, '5.15', 2, 0, '217 208 218 320 206 207 209 210 211 212 220 219 213 215 214 216', 0, 0, 0, 1, 0, 0, NULL),
(102, 'Gnocchi gorgonzola e noci', '206 168 169', 1, '5.50', 2, 0, '217 218 320 159 207 209 210 211 212 220 219 213 215 214 216', 0, 0, 0, 1, 0, 0, NULL),
(103, 'Gramigna salsiccia e spinaci', '170 207 176 171 172', 1, '5.50', 2, 0, '217 208 218 320 159 206 209 210 211 212 220 219 213 215 214 216', 0, 0, 0, 1, 0, 0, NULL),
(104, 'Crespelle alle verdure', '174 175 208 176 173 177', 1, '6.50', 2, 0, '217 218 159 206 207 209 210 211 212 220 219 213 215 214 216', 0, 0, 0, 1, 0, 0, NULL),
(105, 'Linguine al pesto', '209', 1, '5.50', 2, 0, '217 208 218 320 159 206 207 210 211 212 220 219 213 215 214 216', 0, 0, 0, 1, 0, 0, NULL),
(106, 'Penne all''arrabbiata', '324 210', 1, '5.50', 2, 0, '217 208 218 320 159 206 207 209 211 212 220 219 213 215 214 216', 0, 0, 0, 1, 0, 0, NULL),
(107, 'Ravioli burro e salvia', '178 176 177 179', 1, '6.50', 2, 0, '320', 0, 0, 0, 1, 0, 0, NULL),
(108, 'Ravioli agnello e zucchine', '181 176 177 211 161', 1, '6.50', 2, 0, '217 208 218 320 159 206 207 209 210 212 220 219 213 215 214 216', 0, 0, 0, 1, 0, 0, NULL),
(109, 'Risotto agli asparagi', '174 176 180 212', 1, '5.50', 2, 0, '217 208 218 320 159 206 207 209 210 211 220 219 213 215 214 216', 0, 0, 0, 1, 0, 0, NULL),
(110, 'Risotto ai porcini', '176 180 160 212', 1, '5.50', 2, 0, '217 208 218 320 159 206 207 209 210 211 220 219 213 215 214 216', 0, 0, 0, 1, 0, 0, NULL),
(111, 'Spaghetti al torchio', '183 185 173 186 219 184', 1, '5.50', 2, 0, '217 208 218 320 159 206 207 209 210 211 212 220 213 215 214 216', 0, 0, 0, 1, 0, 0, NULL),
(112, 'Strozzapreti speck e zucchine', '176 187 182 213 161', 1, '5.50', 2, 0, '217 208 218 320 159 206 207 209 210 160 211 212 220 219 215 214 216', 0, 0, 0, 1, 0, 0, NULL),
(113, 'Strozzapreti pasticciati', '176 187 188 213', 1, '5.50', 2, 0, '217 208 218 320 159 206 207 209 210 211 212 220 219 215 214 216', 0, 0, 0, 1, 0, 0, NULL),
(114, 'Tagliatelle alla Romagnola', '176 188 214', 1, '5.50', 2, 0, '217 208 218 320 159 206 207 209 210 211 212 220 219 213 215 216', 0, 0, 0, 1, 0, 0, NULL),
(115, 'Taglierini alle verdure', '174 175 178 176 163 180 190 189 173 177 214 165', 1, '5.50', 2, 0, '217 208 164 218 320 159 206 207 209 185 210 211 212 220 219 213 215 216', 0, 0, 0, 1, 0, 0, NULL),
(116, 'Taglierini prosciutto e asparagi', '174 178 176 191 214', 1, '5.50', 2, 0, '217 208 218 320 159 206 207 209 210 160 211 212 220 219 213 215 216', 0, 0, 0, 1, 0, 0, NULL),
(117, 'Tortelli ai porcini+pom.fr', '173 160 216', 1, '6.50', 2, 0, '217 208 218 320 159 206 207 209 210 211 212 220 219 213 215', 0, 0, 0, 1, 0, 0, NULL),
(118, 'Cappelletti scalogno e prosciutto', '178 217 176 191 192', 1, '6.50', 2, 0, '208 218 320 159 206 207 209 210 211 212 219 213 215 214 216', 0, 0, 0, 1, 0, 0, NULL),
(119, 'Taglierini gamberi e broccoli', '194 175 193 180 214', 1, '7.00', 2, 0, '217 208 218 320 159 206 207 209 210 173 211 212 220 219 213 215 216 165', 0, 0, 0, 1, 0, 0, NULL),
(120, 'Farfalle rucola e taleggio', '218 187 195 196', 1, '5.50', 2, 0, '217 208 320 159 206 207 209 210 211 212 220 219 213 215 214 216', 0, 0, 0, 1, 0, 0, NULL),
(200, 'Tagliata al rosmarino', '277', 1, '10.50', 3, 0, '65 64 63', 0, 0, 0, 1, 0, 0, NULL),
(201, 'Tagliata alla rucola', '278', 1, '10.50', 3, 0, '65 64 63', 0, 0, 0, 1, 0, 0, NULL),
(202, 'Filetto griglia', '277', 1, '12.50', 3, 0, '65 64 63', 0, 0, 0, 1, 0, 0, NULL),
(203, 'Filetto pepe verde', '268 274 276', 1, '12.50', 3, 0, '65 64 63', 0, 0, 0, 1, 0, 0, NULL),
(204, 'Filetto ai porcini', '274 269 276', 1, '13.00', 3, 0, '65 64 63', 0, 0, 0, 1, 0, 0, NULL),
(205, 'Prosciutto di praga con aceto balsamico', '270', 1, '6.20', 3, 0, '284 282', 0, 0, 0, 1, 0, 0, NULL),
(206, 'Costolette di agnello alla griglia', '', 1, '8.00', 3, 0, '65 64 63 266', 0, 0, 0, 1, 0, 0, NULL),
(207, 'Costolette di agnello al balsamico', '                          270 ', 1, '8.00', 3, 0, '65 64 63 266', 0, 0, 0, 1, 0, 0, NULL),
(208, 'Castrato alla griglia', '', 1, '8.00', 3, 0, '65 64 63 266', 0, 0, 0, 1, 0, 0, NULL),
(209, 'Grigliata mista', '334 336 332 335 277 333', 1, '9.00', 3, 0, '65 64 63 266', 0, 0, 0, 1, 0, 0, NULL),
(210, 'Nodino al radicchio', '274', 1, '10.50', 3, 0, '65 64 266', 0, 0, 0, 1, 0, 0, NULL),
(211, 'Nodino alla sassi', '272', 1, '10.50', 3, 0, '65 64', 0, 0, 0, 1, 0, 0, NULL),
(212, 'Piccatina balsamico+ruc', '270 278', 1, '5.50', 3, 0, '65 64 63', 0, 0, 0, 1, 0, 0, NULL),
(213, 'Paillard', '277', 1, '6.50', 3, 0, '65 64 63', 0, 0, 0, 1, 0, 0, NULL),
(214, 'W?rstel con patate fritte', '282 283', 1, '6.50', 3, 0, '', 0, 0, 0, 1, 0, 0, NULL),
(215, 'Petto di pollo con patate al forno', '279 335', 1, '6.50', 3, 0, '', 0, 0, 0, 1, 0, 0, NULL),
(216, 'Saltimbocca al prosciutto e salvia', '280 272', 1, '5.50', 3, 0, '65 64 63', 0, 0, 0, 1, 0, 0, NULL),
(217, 'Straccetti di manzo con rucola e pomodoro fresco', '270 281', 1, '9.50', 3, 0, '65 64 266', 0, 0, 0, 1, 0, 0, NULL),
(218, 'Scaloppina ai funghi', '', 1, '5.50', 3, 0, '275 282 273', 0, 0, 0, 1, 0, 0, NULL),
(219, 'Scaloppina al vino bianco', '', 1, '5.50', 3, 0, '', 0, 0, 0, 1, 0, 0, NULL),
(220, 'Scaloppina al radicchio', '', 1, '5.50', 3, 0, '', 0, 0, 0, 1, 0, 0, NULL),
(221, 'Scaloppina al limone', '', 1, '5.50', 3, 0, '', 0, 0, 0, 1, 0, 0, NULL),
(300, 'Asparagi alla parmigiana', '225 227 226', 1, '3.00', 4, 0, '', 0, 0, 0, 1, 0, 0, NULL),
(301, 'Verdure grigliate', '222 221 224 223', 1, '3.00', 4, 0, '', 0, 0, 0, 1, 0, 0, NULL),
(302, 'Pinzimonio', '229 236 228 231 232 233 235 234 230', 1, '4.50', 4, 0, '237', 0, 0, 0, 1, 0, 0, NULL),
(303, 'Verdure al vapore', '225 229 238 240 239', 1, '3.00', 4, 0, '241 242', 0, 0, 0, 1, 0, 0, NULL),
(304, 'Patate fritte', '243', 1, '3.00', 4, 0, '', 0, 0, 0, 1, 0, 0, NULL),
(305, 'Patate al forno', '244', 1, '3.00', 4, 0, '', 0, 0, 0, 1, 0, 0, NULL),
(306, 'Insalata mista', '150 100 149 111', 1, '3.00', 1, 0, '131 133 91 134 108 114 138 140 141 132 136 137', 0, 0, 0, 1, 0, 0, NULL),
(307, 'Spinaci al burro', '226', 1, '3.00', 4, 0, '245', 0, 0, 0, 1, 0, 0, NULL),
(308, 'Broccoli all''aglio', '241', 1, '3.00', 4, 0, '227 246', 0, 0, 0, 1, 0, 0, NULL),
(400, 'Fantasia di dolci', '', 4, '16.00', 5, 0, '256 260 262 252 254 257 253 251 258 259 263 255 261', 0, 0, 0, 1, 0, 0, NULL),
(401, 'Special', '78 248 76', 4, '4.15', 5, 0, '326 247 66', 0, 0, 0, 1, 0, 0, NULL),
(402, 'Panna all''amaretto', '', 4, '3.40', 5, 0, '326 247', 0, 0, 0, 1, 0, 0, NULL),
(403, 'Semifreddo al torroncino', '', 4, '3.40', 5, 0, '326', 0, 0, 0, 1, 0, 0, NULL),
(404, 'Panna cotta ai frutti di bosco', '66', 4, '3.40', 5, 0, '326 78', 0, 0, 0, 1, 0, 0, NULL),
(405, 'Zabaione', '', 4, '3.40', 5, 0, '326 247', 0, 0, 0, 1, 0, 0, NULL),
(406, 'Macedonia', '', 4, '3.40', 5, 0, '326 247 249 248 250 75', 0, 0, 0, 1, 0, 0, NULL),
(407, 'Profiterole', '', 4, '3.40', 5, 0, '326 247 78 250', 0, 0, 0, 1, 0, 0, NULL),
(408, 'Tartufo bianco', '', 4, '3.40', 5, 0, '326 69 70 71 72 78', 0, 0, 0, 1, 0, 0, NULL),
(409, 'Tartufo Nero', '', 4, '3.40', 5, 0, '326 69 70 71 72 78', 0, 0, 0, 1, 0, 0, NULL),
(410, 'Zuppa inglese', '', 4, '3.40', 5, 0, '326 247 249 78', 0, 0, 0, 1, 0, 0, NULL),
(411, 'Millefoglie', '', 4, '3.40', 5, 0, '326 248 250', 0, 0, 0, 1, 0, 0, NULL),
(412, 'Tortino al cioccolato con la crema alla vaniglia', '', 4, '3.65', 5, 0, '326', 0, 0, 0, 1, 0, 0, NULL),
(413, 'Golosino', '', 4, '3.40', 5, 0, '326', 0, 0, 0, 1, 0, 0, NULL),
(414, 'Bavarese al cacao', '', 4, '3.40', 5, 0, '326 249 78', 0, 0, 0, 1, 0, 0, NULL),
(415, 'Crema ghiacciata con cioccolato caldo', '', 4, '3.40', 5, 0, '326 66', 0, 0, 0, 1, 0, 0, NULL),
(416, 'Meringa', '', 4, '3.40', 5, 0, '326 78 250', 0, 0, 0, 1, 0, 0, NULL),
(417, 'Gelato al limone', '', 4, '3.40', 5, 0, '326 247', 0, 0, 0, 1, 0, 0, NULL),
(418, 'Gelato alla crema', '', 4, '3.40', 5, 0, '326 247', 0, 0, 0, 1, 0, 0, NULL),
(419, 'Gelato al cioccolato', '', 4, '3.40', 5, 0, '326 247 249', 0, 0, 0, 1, 0, 0, NULL),
(420, 'Ananas', '', 4, '3.40', 5, 0, ' 326', 0, 0, 0, 1, 0, 0, NULL),
(421, 'Frutta fresca', '', 4, '3.40', 5, 0, '326 248', 0, 0, 0, 1, 0, 0, NULL),
(422, 'Fragole', '', 4, '4.15', 5, 0, '326 78 74 75', 0, 0, 0, 1, 0, 0, NULL),
(423, 'Sorbetto al limone', '', 3, '3.40', 5, 0, '326 247', 0, 0, 0, 1, 0, 0, NULL),
(424, 'Sorbetto al caff', '', 3, '3.40', 5, 0, '326 247', 0, 0, 0, 1, 0, 0, NULL),
(425, 'Sorbetto allo yogurt', '', 3, '3.40', 5, 0, '326 66', 0, 0, 0, 1, 0, 0, NULL),
(500, 'Spianata', '50 49', 2, '2.60', 6, 1, '46 325 29 23 11 10 30 8 39 2 13 19 17 6 21 9 3 1 26 14 4 12 18 22', 0, 0, 0, 1, 0, 0, NULL),
(501, 'Pomodoro', '6', 2, '3.35', 6, 1, '325', 0, 0, 0, 1, 0, 0, NULL),
(502, 'Biancaneve', '', 2, '3.65', 6, 1, '', 0, 0, 0, 1, 1, 0, NULL),
(503, 'Margherita', '5 6', 2, '3.65', 6, 1, '325', 0, 0, 0, 1, 0, 0, NULL),
(504, 'Romana', '29 30 5 6', 2, '4.40', 6, 1, '', 0, 0, 0, 1, 0, 0, NULL),
(505, 'Napoletana', '29', 2, '4.40', 6, 1, '325', 0, 0, 0, 1, 0, 0, NULL),
(506, 'Marinara', '51 6 52', 2, '3.60', 6, 1, '325 29 23 11 27 10 30 8 39 3 33 2 20 13 19 34 5 31 17 16 32 21 9 1 26 14 4 25 12 38 28 18 36 35 37 22', 0, 0, 0, 1, 1, 0, NULL),
(507, 'Quattro formaggi', '53 13 5', 2, '4.65', 6, 1, '325 29 23 11 27 10 30 8 39 33 2 20 19 34 31 17 16 32 6 21 9 3 1 26 14 4 25 12 55 38 28 18 36 35 37 22', 0, 0, 0, 1, 0, 0, NULL),
(508, 'Capricciosa', '8 2 5 31 6 3 4 35 37', 2, '5.65', 6, 1, '325 10 13 9 1 14 12', 0, 0, 0, 1, 0, 0, NULL),
(509, 'Verdure', '23 34 5 32 6 26 22', 2, '5.65', 6, 1, '325 10 20', 0, 0, 0, 1, 0, 0, NULL),
(510, 'Quattro stagioni', '8 2 5 6 7', 2, '5.65', 6, 1, '325 13 14 12', 0, 0, 0, 1, 0, 0, NULL),
(511, 'Prosciutto crudo e funghi', '2 5 6 1', 2, '6.20', 6, 1, '325 26 14 22', 0, 0, 0, 1, 0, 0, NULL),
(512, 'Squacquerone e prosciutto crudo', '5 1 26', 2, '6.20', 6, 1, '325 13 14 12', 0, 0, 0, 1, 0, 0, NULL),
(513, 'Radicchio e porcini', '5 6 9 26', 2, '6.70', 6, 1, '325 17 14', 0, 0, 0, 1, 0, 0, NULL),
(514, 'Bufala, pomodoro fresco e basilico', '27 10 5 6 21', 2, '6.20', 6, 1, '45 42 44 41 43 46 325 29 23 11 8 39 33 2 20 13 19 337 60 9 3 1 26 14 59 4 25 12 55 38 28 18 35 37 22', 0, 0, 0, 1, 0, 0, NULL),
(515, 'Diavola', '30 5 32 6', 2, '5.95', 6, 1, '325', 0, 0, 0, 1, 0, 0, NULL),
(516, 'Contadina', '39 5 6 21 1', 2, '6.45', 6, 1, '325', 0, 0, 0, 1, 0, 0, NULL),
(517, 'Squacquerone e rucola', '5 14 28', 2, '5.65', 6, 1, '325 6', 0, 0, 0, 1, 0, 0, NULL),
(518, 'Tirolese', '53 54 5 21 14 55', 2, '6.70', 6, 1, '325 6', 0, 0, 0, 1, 0, 0, NULL),
(519, 'Sarda', '57 38', 2, '5.65', 6, 1, '325 39 34 5 16 6 21 9 12 37 22', 0, 0, 0, 1, 0, 0, NULL),
(520, 'Salmone', '30 39 5 50 6 59', 2, '6.70', 6, 1, '325 13', 0, 0, 0, 1, 0, 0, NULL),
(521, 'Sorriso', '5 60 56 22', 2, '6.20', 6, 1, '6 325', 0, 0, 0, 1, 0, 0, NULL),
(522, 'Tortillas', '5 16 32 21 61', 2, '6.70', 6, 1, '6 325', 0, 0, 0, 1, 0, 0, NULL),
(523, 'Baccal', '51 11 5', 2, '5.15', 6, 1, '325 39 6 21 14', 0, 0, 0, 1, 0, 0, NULL),
(524, 'Camicia Rossa', '5 6 21 1', 2, '5.15', 6, 1, '325', 0, 0, 0, 1, 0, 0, NULL),
(525, 'Camicia Rosa', '5 6 21 3', 2, '5.15', 6, 1, '325', 0, 0, 0, 1, 0, 0, NULL),
(526, 'Camicia Azzurra', '2 5 21 3', 2, '5.15', 6, 1, '325', 0, 0, 0, 1, 0, 0, NULL),
(527, 'Camicia Ciclamino', '20 5 6 1', 2, '5.15', 6, 1, '325', 0, 0, 0, 1, 0, 0, NULL),
(528, 'Pizza Dolce', '', 2, '6.20', 6, 1, ' 325', 0, 0, 0, 1, 0, 0, NULL),
(600, 'Cognac- Remy Martin', '', 3, '3.60', 7, 0, '62 79        ', 0, 0, 0, 1, 0, 0, NULL),
(601, 'Brandy-Carlos J.', '', 3, '3.60', 7, 0, '62 79', 0, 0, 0, 1, 0, 0, NULL),
(602, 'Brandy- Stravecchio', '', 3, '2.00', 7, 0, '62 79', 0, 0, 0, 1, 0, 0, NULL),
(603, 'Fernet Branca', '', 3, '2.00', 7, 0, '62 79', 0, 0, 0, 1, 0, 0, NULL),
(604, 'Fernet Menta', '', 3, '2.00', 7, 0, '62 79', 0, 0, 0, 1, 0, 0, NULL),
(605, 'Nocino', '', 3, '2.00', 7, 0, '62 79', 0, 0, 0, 1, 0, 0, NULL),
(606, 'Rum', '', 3, '2.50', 7, 0, '62 79', 0, 0, 0, 1, 0, 0, NULL),
(607, 'Cointreau''', '', 3, '2.05', 7, 0, '', 0, 0, 0, 1, 0, 0, NULL),
(608, 'Gran Marnier', '', 3, '2.50', 7, 0, '62 79', 0, 0, 0, 1, 0, 0, NULL),
(609, 'Averna', '', 3, '2.00', 7, 0, '62 79', 0, 0, 0, 1, 0, 0, NULL),
(610, 'Montenegro', '', 3, '2.00', 7, 0, '62 79', 0, 0, 0, 1, 0, 0, NULL),
(611, 'Ramazzotti', '', 3, '2.00', 7, 0, '62 79', 0, 0, 0, 1, 0, 0, NULL),
(612, 'Sambuca', '', 3, '2.00', 7, 0, '62 79', 0, 0, 0, 1, 0, 0, NULL),
(613, 'Unicum', '', 3, '2.00', 7, 0, '62 79', 0, 0, 0, 1, 0, 0, NULL),
(614, 'Jagermeister', '', 3, '2.00', 7, 0, '62 79', 0, 0, 0, 1, 0, 0, NULL),
(615, 'San Marzano', '', 3, '2.00', 7, 0, '62 79', 0, 0, 0, 1, 0, 0, NULL),
(616, 'Lucano', '', 3, '2.00', 7, 0, '62 79', 0, 0, 0, 1, 0, 0, NULL),
(617, 'China Martini', '', 3, '2.00', 7, 0, '62 79', 0, 0, 0, 1, 0, 0, NULL),
(618, 'Amaretto', '', 3, '2.00', 7, 0, '62 79', 0, 0, 0, 1, 0, 0, NULL),
(619, 'Petrus', '', 3, '2.00', 7, 0, '62 79', 0, 0, 0, 1, 0, 0, NULL),
(620, 'Martini Bianco', '', 3, '2.00', 7, 0, '62 79', 0, 0, 0, 1, 0, 0, NULL),
(621, 'Martini Rosso', '', 3, '2.00', 7, 0, '62 79', 0, 0, 0, 1, 0, 0, NULL),
(622, 'Martini Dry', '', 3, '2.00', 7, 0, '62 79', 0, 0, 0, 1, 0, 0, NULL),
(623, 'Porto Offley', '', 3, '2.50', 7, 0, '62 79', 0, 0, 0, 1, 0, 0, NULL),
(624, 'Bayleys', '', 3, '2.00', 7, 0, '62 79', 0, 0, 0, 1, 0, 0, NULL),
(625, 'Punch all''arancio', '', 3, '2.00', 7, 0, '62 79', 0, 0, 0, 1, 0, 0, NULL),
(626, 'Vodka limone', '', 3, '2.00', 7, 0, '62 79', 0, 0, 0, 1, 0, 0, NULL),
(627, 'Vodka bianca', '', 3, '2.00', 7, 0, '62 79', 0, 0, 0, 1, 0, 0, NULL),
(628, 'Vodka pesca', '', 3, '2.00', 7, 0, '62 79', 0, 0, 0, 1, 0, 0, NULL),
(629, 'Vodka Frutti di bosco', '', 3, '2.00', 7, 0, '62 79', 0, 0, 0, 1, 0, 0, NULL),
(630, 'Macallan 12 anni', '', 3, '5.00', 7, 0, '102 79', 0, 0, 0, 1, 0, 0, NULL),
(631, 'Macallan 7 anni', '', 3, '3.00', 7, 0, '62 79', 0, 0, 0, 1, 0, 0, NULL),
(632, 'Lagavuling 16 anni', '', 3, '5.00', 7, 0, '102 79', 0, 0, 0, 1, 0, 0, NULL),
(633, 'Whisky Glen Grant 5 anni', '', 3, '3.00', 7, 0, '62 79', 0, 0, 0, 1, 0, 0, NULL),
(634, 'Whisky Four Roses', '', 3, '3.00', 7, 0, '62 79', 0, 0, 0, 1, 0, 0, NULL),
(635, 'Whisky Canadian Club', '', 3, '3.00', 7, 0, '62 79', 0, 0, 0, 1, 0, 0, NULL),
(636, 'Whisky Adelscott', '', 3, '3.00', 7, 0, '62 79', 0, 0, 0, 1, 0, 0, NULL),
(637, 'Prime Uve', '', 3, '3.50', 7, 0, '62 79', 0, 0, 0, 1, 0, 0, NULL),
(638, 'Prime Uve nere', '', 3, '3.50', 7, 0, '62 79', 0, 0, 0, 1, 0, 0, NULL),
(639, 'Grappa di Prosecco', '', 3, '3.10', 7, 0, '62 79', 0, 0, 0, 1, 0, 0, NULL),
(640, 'Grappa bianca', '', 3, '2.00', 7, 0, '62 79', 0, 0, 0, 1, 0, 0, NULL),
(700, 'Ceres cl.33', '', 3, '3.10', 8, 0, '', 0, 0, 0, 1, 0, 0, NULL),
(701, 'Beck''s cl.33', '', 3, '3.10', 8, 0, '', 0, 0, 0, 1, 0, 0, NULL),
(702, 'Buckler Analcolica cl.33', '', 3, '3.10', 8, 0, '', 0, 0, 0, 1, 0, 0, NULL),
(703, 'Birra piccola', '', 3, '1.80', 8, 0, '', 0, 0, 0, 1, 0, 0, NULL),
(704, 'Birra media', '340', 3, '3.10', 8, 0, '', 0, 0, 0, 1, 0, 0, NULL),
(705, 'Birra caraffa', '', 3, '6.20', 8, 0, '', 0, 0, 0, 1, 0, 0, NULL),
(706, 'Birra piccola Rossa', '', 3, '1.80', 8, 0, '', 0, 0, 0, 1, 0, 0, NULL),
(707, 'Birra media Rossa', '', 3, '3.10', 8, 0, '', 0, 0, 0, 1, 0, 0, NULL),
(708, 'Birra caraffa Rossa', '', 3, '6.20', 8, 0, '', 0, 0, 0, 1, 0, 0, NULL),
(709, 'Birra Baffo D''Oro cl.66', '', 3, '4.15', 8, 0, '', 0, 0, 0, 1, 0, 0, NULL),
(710, 'Coca-cola piccola', '', 3, '1.80', 8, 0, '330', 0, 0, 0, 1, 0, 0, NULL),
(711, 'Coca-cola media', '', 3, '3.10', 8, 0, '330', 0, 0, 0, 1, 0, 0, NULL),
(712, 'Coca-cola Caraffa', '', 3, '6.20', 8, 0, '330', 0, 0, 0, 1, 0, 0, NULL),
(713, 'Coca-cola lattina', '', 3, '2.05', 8, 0, '321 330', 0, 0, 0, 1, 0, 0, NULL),
(714, 'Fanta lattina', '', 3, '2.05', 8, 0, '321', 0, 0, 0, 1, 0, 0, NULL),
(715, 'Sprite lattina', '', 3, '2.05', 8, 0, '321', 0, 0, 0, 1, 0, 0, NULL),
(716, 'Coca-cola lattina light', '', 3, '2.05', 8, 0, '321 330', 0, 0, 0, 1, 0, 0, NULL),
(717, 'Lemonsoda lattina', '', 3, '2.05', 8, 0, '', 0, 0, 0, 1, 0, 0, NULL),
(718, 'Tonica lattina', '', 3, '2.05', 8, 0, '', 0, 0, 0, 1, 0, 0, NULL),
(719, 'Succo d''Ananas', '', 3, '2.00', 8, 0, '', 0, 0, 0, 1, 0, 0, NULL),
(720, 'Succo d''Arancio', '', 3, '2.00', 8, 0, '', 0, 0, 0, 1, 0, 0, NULL),
(721, 'Succo di Pompelmo', '', 3, '2.00', 8, 0, '', 0, 0, 0, 1, 0, 0, NULL),
(722, 'Crodino', '', 3, '2.00', 8, 0, '', 0, 0, 0, 1, 0, 0, NULL),
(723, 'Campari Soda', '', 3, '2.00', 8, 0, '', 0, 0, 0, 1, 0, 0, NULL),
(724, 'Bitter- San Pellegrino', '', 3, '2.00', 8, 0, '', 0, 0, 0, 1, 0, 0, NULL),
(725, 'Acqua Nat', '', 3, '1.80', 8, 0, '321', 0, 0, 0, 1, 0, 0, NULL),
(726, 'Acqua Gas', '', 3, '1.80', 8, 0, '321', 0, 0, 0, 1, 0, 0, NULL),
(727, 'Acqua Nat 1/2', '', 3, '1.30', 8, 0, '321', 0, 0, 0, 1, 0, 0, NULL),
(728, 'Acqua Gas 1/2', '', 3, '1.30', 8, 0, '321', 1, 553, 0, 1, 0, 0, NULL),
(729, 'Acqua Nat 1/4', '', 3, '0.75', 8, 0, '321', 0, 0, 0, 1, 0, 0, NULL),
(730, 'Acqua Gas 1/4', '', 3, '0.75', 8, 1, '', 0, -11, 0, 1, 0, 0, NULL),
(731, 'Caffe''', '', 3, '1.30', 8, 0, '123 124 125 126 128 127', 0, 0, 0, 1, 0, 0, NULL),
(732, 'Caffe'' corr.', '', 3, '2.00', 8, 0, '122 119 121 120 117 118', 0, 0, 0, 1, 0, 0, NULL),
(733, 'Tea', '', 3, '1.30', 8, 0, '', 0, 0, 0, 1, 0, 0, NULL),
(800, 'Trebbiano Fattoria Paradiso', '', 3, '4.15', 9, 0, '0', 0, 0, 0, 1, 0, 0, NULL),
(801, 'Albana Secca Podere Nespoli', '', 3, '7.75', 9, 0, '', 0, 0, 0, 1, 0, 0, NULL),
(802, 'Muller Thurgau Gaierhof', '', 3, '11.35', 9, 0, '', 0, 0, 0, 1, 0, 0, NULL),
(803, 'Ribolla Gialla I Feudi di Romans', '', 3, '11.35', 9, 0, '', 0, 0, 0, 1, 0, 0, NULL),
(804, 'Chardonnay Collio Villanova', '', 3, '12.40', 9, 0, '', 0, 0, 0, 1, 0, 0, NULL),
(805, 'Fiano di Avellino La casa dell''Orco', '', 3, '12.40', 9, 0, '', 0, 0, 0, 1, 0, 0, NULL),
(806, 'Gavi Principessa Gavia', '', 3, '12.40', 9, 0, '', 0, 0, 0, 1, 0, 0, NULL),
(807, 'Greco di Tufo La casa dell''Orco', '', 3, '12.40', 9, 0, '', 0, 0, 0, 1, 0, 0, NULL),
(808, 'Incrocio Manzoni Paladin', '', 3, '12.40', 9, 0, '', 0, 0, 0, 1, 0, 0, NULL),
(809, 'Pinot Grigio Paladin', '', 3, '12.40', 9, 0, '', 0, 0, 0, 1, 0, 0, NULL),
(810, 'Pinot Bianco Kellerei Kaltern', '', 3, '12.40', 9, 0, '', 0, 0, 0, 1, 0, 0, NULL),
(811, 'Chardonnay Castello di Ama', '', 3, '15.50', 9, 0, '', 0, 0, 0, 1, 0, 0, NULL),
(812, 'Eisacktaler Silvaner St. Magdalena', '', 3, '15.50', 9, 0, '', 0, 0, 0, 1, 0, 0, NULL),
(813, 'Gewurztraminer Doc Kellerei Kaltern', '', 3, '15.50', 9, 0, '', 0, 0, 0, 1, 0, 0, NULL),
(814, 'La Segreta Planeta', '', 3, '15.50', 9, 0, '', 0, 0, 0, 1, 0, 0, NULL),
(815, 'Roero Arneis Mauro Sebaste', '', 3, '15.50', 9, 0, '', 0, 0, 0, 1, 0, 0, NULL),
(816, 'Tocai Ronco dei Tassi Collio', '', 3, '18.10', 9, 0, '', 0, 0, 0, 1, 0, 0, NULL),
(817, 'Tornese La Palazza', '', 3, '18.10', 9, 0, '', 0, 0, 0, 1, 0, 0, NULL),
(818, 'Berlucchi Cellarius', '', 3, '25.80', 9, 0, '', 0, 0, 0, 1, 0, 0, NULL),
(850, 'Sangiovese Del Fico Grande Nespoli', '', 3, '7.00', 9, 0, '', 0, 0, 0, 1, 0, 0, NULL),
(851, 'Raboso frizzante Paladin', '', 3, '7.75', 9, 0, '', 0, 0, 0, 1, 0, 0, NULL),
(852, 'Sangiovese Prugneto Podere Nespoli', '', 3, '10.50', 9, 0, '', 0, 0, 0, 1, 0, 0, NULL),
(853, 'Merlot Paladin', '', 3, '12.40', 9, 0, '', 0, 0, 0, 1, 0, 0, NULL),
(854, 'Refosco dal peduncolo rosso Paladin', '', 3, '12.40', 9, 0, '', 0, 0, 0, 1, 0, 0, NULL),
(855, 'Pinot Nero Kellerei Kaltern', '', 3, '12.40', 9, 0, '', 0, 0, 0, 1, 0, 0, NULL),
(856, 'Teroldego Rotaliano Mezzacorona', '', 3, '12.40', 9, 0, '', 0, 0, 0, 1, 0, 0, NULL),
(857, 'Marzemino Mezzacorona', '', 3, '12.40', 9, 0, '', 0, 0, 0, 1, 0, 0, NULL),
(858, 'Merlot Campo Camino (biologico)', '', 3, '15.50', 9, 0, '', 0, 0, 0, 1, 0, 0, NULL),
(859, 'Barbera Villa Giada', '', 3, '15.50', 9, 0, '', 0, 0, 0, 1, 0, 0, NULL),
(860, 'Dolcetto Villa Giada', '', 3, '15.50', 9, 0, '', 0, 0, 0, 1, 0, 0, NULL),
(861, 'Lagrein Dunkel Kellerei Kaltern', '', 3, '15.50', 9, 0, '', 0, 0, 0, 1, 0, 0, NULL),
(862, 'Aglianico D''Angelo', '', 3, '15.50', 9, 0, '', 0, 0, 0, 1, 0, 0, NULL),
(863, 'Dolcetto Mauro Sebaste', '', 3, '15.50', 9, 0, '', 0, 0, 0, 1, 0, 0, NULL),
(864, 'Rosso di Montalcino Nannetti', '', 3, '20.00', 9, 0, '', 0, 0, 0, 1, 0, 0, NULL),
(865, 'Cabernet Sauvignon Bonzarone Bonzara', '', 3, '25.00', 9, 0, '', 0, 0, 0, 1, 0, 0, NULL),
(866, 'Nebbiolo Mauro Sebaste', '', 3, '25.00', 9, 0, '', 0, 0, 0, 1, 0, 0, NULL),
(867, 'Merlot Rocca di Bonacciara Bonzara', '', 3, '25.80', 9, 0, '', 0, 0, 0, 1, 0, 0, NULL),
(868, 'Marzieno Fattoria Zerbina', '', 3, '31.00', 9, 0, '', 0, 0, 0, 1, 0, 0, NULL),
(869, 'Brunello di Montalcino Nannetti', '', 3, '40.00', 9, 0, '', 0, 0, 0, 1, 0, 0, NULL),
(870, 'Taurasi La Casa dell''Orco', '', 3, '40.00', 9, 0, '', 0, 0, 0, 1, 0, 0, NULL),
(871, 'Barolo Mauro Sebaste', '', 3, '40.00', 9, 0, '', 0, 0, 0, 1, 0, 0, NULL),
(872, 'Barolo Michele Chiarlo', '', 3, '50.00', 9, 0, '', 0, 0, 0, 1, 0, 0, NULL),
(873, 'Barbaresco Mauro Sebasta', '', 3, '50.00', 9, 0, '', 0, 0, 0, 1, 0, 0, NULL),
(529, '1-base', '5 6', 2, '3.65', 6, 1, '29 23 11 27 10 30 8 39 33 2 20 13 19 34 31 17 16 32 21 9 3 1 7 26 14 4 25 12 38 28 18 36 35 37 22 325', 0, 0, 0, 1, 0, 0, NULL),
(426, 'Mascarpone', '', 4, '3.40', 5, 0, '326 247 249 78 66 256 262 250 263', 0, 0, 0, 1, 0, 0, NULL),
(641, 'Grappa alle erbe', '', 3, '2.00', 7, 0, '62 79', 0, 0, 0, 1, 0, 0, NULL),
(736, 'Coca-cola 1/2 litro', '', 3, '3.10', 8, 0, '321 330', 0, 0, 0, 1, 0, 0, NULL),
(121, 'Cappelletti panna e cotto', '217 197 187', 1, '6.50', 2, 0, '208 218 159 206 207 209 210 211 212 220 219 213 215 214 216', 0, 0, 0, 1, 0, 0, NULL),
(122, 'Spaghetti carbonara', '178 176 198 199 201 220 200', 1, '6.20', 2, 0, '217 208 218 159 206 207 209 210 211 212 219 213 215 214 216', 0, 0, 0, 1, 0, 0, NULL),
(123, 'Spaghetto aglio, olio, peperoncino', '202 180 203 177 220', 1, '5.50', 2, 0, '217 208 218 159 206 207 209 210 211 212 219 213 215 214 216', 0, 0, 0, 1, 0, 0, NULL),
(124, 'Spaghetto panna e salm', '187 177 204 219 205', 1, '7.00', 2, 0, '217 208 218 159 206 207 209 210 211 212 220 213 215 214 216', 0, 0, 0, 1, 0, 0, NULL),
(125, 'Tortelli panna+porc', '187 160 216', 1, '6.50', 2, 0, '217 208 218 159 206 207 209 210 186 211 212 220 219 213 215 214', 0, 0, 0, 1, 0, 0, NULL),
(877, '1Frizzante', '', 3, '8.50', 9, 0, '', 0, 0, 0, 1, 0, 0, NULL),
(878, 'Secco- Esino', '', 3, '7.00', 9, 0, '', 0, 0, 0, 1, 0, 0, NULL),
(879, 'Rosso', '', 3, '7.00', 9, 0, '', 0, 0, 0, 1, 0, 0, NULL),
(880, '1/2 Rosso', '', 3, '3.10', 9, 0, '', 0, 0, 0, 1, 0, 0, NULL),
(881, '1/4 Rosso', '', 3, '2.05', 9, 0, '', 0, 0, 0, 1, 0, 0, NULL),
(882, '1/2 Frizz', '', 3, '5.00', 9, 0, '', 0, 0, 0, 1, 0, 0, NULL),
(883, 'moscato', '', 3, '8.50', 9, 0, '', 0, 0, 0, 1, 0, 0, NULL),
(884, 'Pasta', '', 1, '0.00', 2, 0, '285 202 181 174 183 194 175 178 217 197 164 218 320 193 159 206 168 170 176 209 163 169 180 185 198 187 210 199 203 190 189 173 186 160 177 191 188 211 212 195 201 204 171 179 192 220 219 182 172 213 215 214 196 184 216 200 205 161', 0, 0, 1, 1, 0, 0, NULL),
(890, 'Sals+Pat.Fritte', '5 16 6 4', 2, '5.95', 6, 1, '325 29 23 10 30 8 39 2 20 19 34 17 32 21 9 1 26 25 12 36 61 35 37 22', 0, 0, 0, 1, 0, 0, NULL),
(892, 'Piccante', '5 6', 2, '4.90', 6, 1, '325 30 39 31 17 16 32 21 26 14 4 25', 0, 0, 0, 1, 0, 0, NULL),
(222, 'Nodino Griglia', '', 1, '10.50', 3, 0, '', 0, 0, 0, 1, 0, 0, NULL),
(27, 'Insalata', '', 1, '0.00', 1, 0, '130 106 131 331 133 338 91 134 323 98 144 108 150 114 138 140 141 132 149 136 111 143 135 137 142', 0, 0, 1, 1, 0, 0, NULL),
(893, 'Gnocco pomodoro', '206 186', 1, '5.50', 2, 0, '', 0, 0, 0, 1, 0, 0, NULL),
(894, 'Mionetto frizzante', '', 3, '8.50', 9, 0, '', 0, 0, 0, 1, 0, 0, NULL),
(895, 'Tris di minestre', '', 1, '8.25', 2, 0, '308 314 315 307 292 309 320 289 288 317 316 290 291 293 294 296 295 319 297 298 311 310 300 299 304 303 302 301 313 312 306 305 318', 0, 0, 0, 1, 0, 0, NULL),
(896, '1/2 secco', '', 3, '3.10', 9, 0, '', 0, 0, 0, 1, 0, 0, NULL),
(897, '1/4 secco', '', 3, '2.05', 9, 0, '', 0, 0, 0, 1, 0, 0, NULL),
(899, 'Orzo T.G.', '', 3, '1.30', 8, 0, '123 122 124 119 121 120 125 126 117 118', 0, 0, 0, 1, 0, 0, NULL),
(900, 'Orzo T.P.', '', 3, '1.30', 8, 0, '123 122 124 119 121 120 125 126 117 118', 0, 0, 0, 1, 0, 0, NULL),
(901, 'caffe'' deca', '', 3, '1.30', 8, 0, '123 124 119 121 120 125 126 117 118 128 127', 0, 0, 0, 1, 0, 0, NULL),
(902, 'Aperitivo', '', 3, '2.50', 8, 0, '', 0, 0, 0, 1, 0, 0, NULL),
(903, 'Insalata nizzarda', '327 100 138 80 137', 1, '5.15', 1, 0, '', 0, 0, 0, 0, 0, 0, NULL),
(904, 'Insalata mediterranea', '329 328 138 100', 1, '5.15', 1, 0, '322 131', 0, 0, 0, 1, 0, 0, NULL),
(905, '1/2 pasta', '', 1, '0.00', 2, 0, '314 307 308 315 309 289 288 316 317 290 291 293 208 294 295 296 319 297 298 310 311 300 299 304 303 302 301 313 312 306 318 305', 0, 0, 1, 1, 0, 0, NULL),
(906, 'Funghi prosciutto crudo e salsiccia', '2 5 6 1 4', 2, '6.70', 6, 1, '325 29 23 10 30 39 20 13 31 32 25 12 28 36 22', 0, 0, 0, 1, 0, 0, NULL),
(907, 'Fiorentina', '   ', 1, '0.00', 10, 0, '', 0, 0, 1, 1, 0, 0, NULL),
(908, 'Capp. in brodo', '', 1, '6.50', 10, 0, '', 0, 0, 0, 1, 0, 0, NULL),
(909, 'Pasta fagioli', '', 1, '5.50', 10, 0, '', 0, 0, 0, 1, 0, 0, NULL),
(914, 'Delicato', '', 4, '3.40', 5, 0, '326', 0, 0, 0, 1, 0, 0, NULL),
(911, 'misto formaggi', '', 1, '5.50', 1, 0, '322', 0, 0, 0, 1, 0, 0, NULL),
(912, 'Limoncino', '', 3, '2.00', 7, 0, '102 79', 0, 0, 0, 1, 0, 0, NULL),
(913, 'Bis di minestre', '', 1, '6.70', 2, 0, '308 314 315 307 309 320 289 288 317 316 291 293 294 296 295 319 297 298 311 310 219 300 299 304 303 302 301 313 306 305 318', 0, 0, 0, 1, 0, 0, NULL),
(915, 'fiorizucca', '2 5', 2, '6.95', 6, 0, '', 0, 0, 0, 1, 0, 0, NULL),
(916, 'special', '78 248 76', 4, '4.15', 5, 0, '326 247', 0, 0, 0, 1, 0, 0, NULL),
(919, 'birra 1l', '340', 3, '6.00', 8, 0, '', 0, 0, 0, 1, 0, 0, NULL),
(920, 'birra 1/2', '340', 3, '2.00', 8, 0, '', 0, 0, 0, 1, 0, 0, NULL);

-- --------------------------------------------------------

--
-- Table structure for table `ingreds`
--

DROP TABLE IF EXISTS `ingreds`;
CREATE TABLE IF NOT EXISTS `ingreds` (
  `id` bigint(9) NOT NULL auto_increment,
  `name` text collate latin1_general_ci NOT NULL,
  `price` decimal(10,2) default NULL,
  `category` int(11) default NULL,
  `override_autocalc` smallint(6) default NULL,
  `visible` smallint(6) default NULL,
  `deleted` smallint(6) default '0',
  `sell_price` decimal(10,2) NOT NULL default '0.00',
  PRIMARY KEY  (`id`)
) ENGINE=MyISAM  DEFAULT CHARSET=latin1 COLLATE=latin1_general_ci AUTO_INCREMENT=345 ;

--
-- Dumping data for table `ingreds`
--

INSERT INTO `ingreds` (`id`, `name`, `price`, `category`, `override_autocalc`, `visible`, `deleted`, `sell_price`) VALUES
(1, 'Prosciutto crudo', '1.55', 0, 0, 1, 0, '0.00'),
(2, 'Funghi', '0.00', 6, 0, 1, 0, '0.00'),
(3, 'cotto', '0.00', 6, 0, 1, 0, '0.00'),
(4, 'Salsiccia', '0.00', 6, 0, 1, 0, '0.00'),
(5, 'Mozzarella', '0.00', 0, 0, 1, 0, '0.00'),
(6, 'Pomodoro', '0.00', 6, 0, 1, 0, '0.00'),
(7, 'Prosciutto, fetta', '0.00', 6, 0, 1, 0, '0.00'),
(8, 'Carciofi', '0.00', 6, 0, 1, 0, '0.00'),
(9, 'Porcini', '2.05', 6, 0, 1, 0, '0.00'),
(10, 'Bufala', '1.55', 6, 0, 1, 0, '0.00'),
(11, 'Baccal', '1.55', 6, 0, 1, 0, '0.00'),
(12, 'Speck', '1.55', 6, 0, 1, 0, '0.00'),
(13, 'Grana Scaglie', '1.55', 6, 0, 1, 0, '0.00'),
(14, 'Rucola', '1.00', 6, 0, 1, 0, '0.00'),
(16, 'Patate Fritte', '1.30', 6, 0, 1, 0, '0.00'),
(17, 'Pancetta', '1.55', 6, 0, 1, 0, '0.00'),
(18, 'Tonno', '1.55', 6, 0, 1, 0, '0.00'),
(19, 'Mais', '0.00', 6, 0, 1, 0, '0.00'),
(20, 'Gorgonzola', '0.00', 6, 0, 1, 0, '0.00'),
(21, 'Pomodoro Fresco', '0.00', 6, 0, 1, 0, '0.00'),
(22, 'Zucchine', '0.00', 6, 0, 1, 0, '0.00'),
(23, 'Asparagi', '0.00', 6, 0, 1, 0, '0.00'),
(58, 'parmigiano', '0.00', 1, 0, 0, 0, '0.00'),
(25, 'Scamorza', '0.00', 6, 0, 1, 0, '0.00'),
(26, 'Radicchio', '0.00', 6, 0, 1, 0, '0.00'),
(27, 'Basilico', '0.00', 6, 0, 1, 0, '0.00'),
(28, 'Squacquerone', '0.00', 6, 0, 1, 0, '0.00'),
(29, 'Acciughe', '0.00', 6, 0, 1, 0, '0.00'),
(30, 'Capperi', '0.00', 6, 0, 1, 0, '0.00'),
(31, 'Olive Nere', '0.00', 6, 0, 1, 0, '0.00'),
(32, 'Peperoni', '0.00', 6, 0, 1, 0, '0.00'),
(33, 'Formaggi', '0.00', 6, 0, 1, 0, '0.00'),
(34, 'Melanzane', '0.00', 6, 0, 1, 0, '0.00'),
(35, 'Uovo sodo', '0.00', 6, 0, 1, 0, '0.00'),
(36, 'Uovo O.B.', '0.00', 6, 0, 1, 0, '0.00'),
(37, 'Wurstel', '0.00', 6, 0, 1, 0, '0.00'),
(38, 'Spinaci', '0.00', 6, 0, 1, 0, '0.00'),
(39, 'Cipolla', '0.00', 6, 0, 1, 0, '0.00'),
(41, '(doppio pomodoro)', '0.00', 6, 0, 1, 0, '0.00'),
(42, '(ben cotta)', '0.00', 6, 1, 1, 0, '0.00'),
(43, '(poco cotta)', '0.00', 6, 1, 1, 0, '0.00'),
(44, '(doppio impasto)', '0.00', 6, 1, 1, 0, '0.00'),
(45, '(baby)', '0.00', 6, 1, 1, 0, '0.00'),
(46, '(stesa2)', '0.00', 6, 1, 1, 0, '0.00'),
(48, '(doppia mozzarella)', '0.00', 6, 1, 1, 0, '0.00'),
(49, 'Sale', '0.00', 6, 0, 1, 0, '0.00'),
(50, 'Olio', '0.00', 6, 0, 1, 0, '0.00'),
(51, 'Aglio', '0.00', 6, 0, 1, 0, '0.00'),
(52, 'Prezzemolo', '0.00', 6, 0, 1, 0, '0.00'),
(53, 'Emmental', '0.00', 0, 0, 1, 0, '0.00'),
(54, 'Fontina', '0.00', 6, 0, 1, 0, '0.00'),
(55, 'Speck in forno', '0.00', 6, 0, 1, 0, '0.00'),
(56, 'Riso', '0.00', 6, 0, 1, 0, '0.00'),
(57, 'Pecorino', '0.00', 6, 0, 1, 0, '0.00'),
(59, 'Salmone', '0.00', 6, 0, 1, 0, '0.00'),
(60, 'Piselli', '0.00', 6, 0, 1, 0, '0.00'),
(61, 'Uovo Sbattuto', '0.00', 6, 0, 1, 0, '0.00'),
(62, 'Baby', '-1.00', 7, 0, 1, 0, '0.00'),
(63, 'Rare', '0.00', 3, 0, 1, 0, '0.00'),
(64, '(CM)', '0.00', 3, 0, 1, 0, '0.00'),
(65, 'Ben cotto', '0.00', 3, 0, 1, 0, '0.00'),
(66, 'Frutti di bosco', '0.00', 5, 0, 1, 0, '0.00'),
(69, 'affogato al caff', '1.00', 5, 0, 1, 0, '0.00'),
(70, 'affogato al caff? decaffeinato', '1.00', 5, 0, 1, 0, '0.00'),
(71, 'affogato Gran Marnier', '1.00', 5, 0, 1, 0, '0.00'),
(72, 'affogato al caff? d''orzo', '1.00', 5, 0, 1, 0, '0.00'),
(74, 'Limone', '0.00', 5, 0, 1, 0, '0.00'),
(75, 'Zucchero', '0.00', 5, 0, 1, 0, '0.00'),
(76, 'Torta di ricotta', '0.00', 5, 0, 1, 0, '0.00'),
(323, 'fiamminga', '0.00', 1, 1, 1, 0, '0.00'),
(78, 'ciocc.fuso', '0.50', 5, 0, 1, 0, '0.00'),
(79, 'ghiaccio', '0.00', 7, 0, 1, 0, '0.00'),
(80, 'Tomino', '0.00', 1, 0, 1, 0, '0.00'),
(81, 'zucc.grigl.', '0.00', 1, 0, 1, 0, '0.00'),
(82, 'mel.grigl.', '0.00', 1, 0, 1, 0, '0.00'),
(83, 'rad.grigl.', '0.00', 1, 0, 1, 0, '0.00'),
(84, 'pomod.grigl.', '0.00', 1, 0, 1, 0, '0.00'),
(85, 'scondito', '0.00', 1, 1, 1, 0, '0.00'),
(86, 'pane tost.', '0.00', 1, 0, 1, 0, '0.00'),
(87, 'crema porc.', '0.00', 1, 0, 1, 0, '0.00'),
(88, 'crema carciofi', '0.00', 1, 0, 1, 0, '0.00'),
(89, 'crema picc.', '0.00', 1, 0, 1, 0, '0.00'),
(90, 'crema tartufo', '0.00', 1, 0, 1, 0, '0.00'),
(91, 'champignon', '0.00', 1, 0, 1, 0, '0.00'),
(92, 'P. crudo', '0.00', 1, 0, 1, 0, '0.00'),
(93, 'panna', '0.00', 1, 0, 1, 0, '0.00'),
(94, 'prezzemolo', '0.00', 1, 0, 1, 0, '0.00'),
(95, 'zucch e form.', '0.00', 1, 0, 1, 0, '0.00'),
(96, 'pomod. e mel.', '0.00', 1, 0, 1, 0, '0.00'),
(97, 'squacq. e rucola', '0.00', 1, 0, 1, 0, '0.00'),
(98, 'funghi', '0.00', 1, 0, 1, 0, '0.00'),
(99, 'fontina', '0.00', 1, 0, 1, 0, '0.00'),
(100, 'pomod.fresco', '0.00', 1, 0, 1, 0, '0.00'),
(101, 'sottile', '0.00', 6, 1, 1, 0, '0.00'),
(102, 'Baby', '-2.00', 7, 0, 1, 0, '0.00'),
(103, 'aglio', '0.00', 1, 0, 1, 0, '0.00'),
(104, 'porcini', '0.00', 1, 0, 1, 0, '0.00'),
(105, 'verdure', '0.00', 1, 0, 1, 0, '0.00'),
(106, 'asparagi', '0.00', 1, 0, 1, 0, '0.00'),
(107, 'speck', '0.00', 1, 0, 1, 0, '0.00'),
(108, 'grana', '0.00', 1, 0, 1, 0, '0.00'),
(110, 'carpaccio', '0.00', 1, 0, 1, 0, '0.00'),
(111, 'rucola', '0.00', 1, 0, 1, 0, '0.00'),
(112, 'olio', '0.00', 1, 0, 1, 0, '0.00'),
(113, 'sale', '0.00', 1, 0, 1, 0, '0.00'),
(114, 'limone', '0.00', 1, 0, 1, 0, '0.00'),
(115, 'sotto oli', '0.00', 1, 0, 1, 0, '0.00'),
(116, 'bruschettina', '0.00', 1, 0, 1, 0, '0.00'),
(117, 'sambuca', '0.00', 8, 0, 1, 0, '0.00'),
(118, 'stravecchio', '0.00', 8, 0, 1, 0, '0.00'),
(119, 'baileys', '0.00', 8, 0, 1, 0, '0.00'),
(120, 'grappa', '0.00', 8, 0, 1, 0, '0.00'),
(121, 'Fernet Branca', '0.00', 8, 0, 1, 0, '0.00'),
(122, 'averna', '0.00', 8, 0, 1, 0, '0.00'),
(123, 'alto', '0.00', 8, 0, 1, 0, '0.00'),
(124, 'basso', '0.00', 8, 0, 1, 0, '0.00'),
(125, 'Macchiato caldo', '0.00', 8, 0, 1, 0, '0.00'),
(126, 'Macchiato freddo', '0.00', 8, 0, 1, 0, '0.00'),
(127, 'Tazza piccola', '0.00', 8, 0, 1, 0, '0.00'),
(128, 'Tazza G.', '0.00', 8, 0, 1, 0, '0.00'),
(129, 'mozzarella', '0.00', 1, 0, 1, 0, '0.00'),
(130, 'acciughe', '0.00', 1, 0, 1, 0, '0.00'),
(131, 'basilico', '0.00', 1, 0, 1, 0, '0.00'),
(132, 'pinoli', '0.00', 1, 0, 1, 0, '0.00'),
(133, 'ceci', '0.00', 1, 0, 1, 0, '0.00'),
(134, 'cipollotto', '0.00', 1, 0, 1, 0, '0.00'),
(135, 'sedano', '0.00', 1, 0, 1, 0, '0.00'),
(136, 'ravanelli', '0.00', 1, 0, 1, 0, '0.00'),
(137, 'tonno', '0.00', 1, 0, 1, 0, '0.00'),
(138, 'olive', '0.00', 1, 0, 1, 0, '0.00'),
(324, 'arrabbiata', '0.00', 2, 1, 1, 0, '0.00'),
(140, 'patate', '0.00', 1, 0, 1, 0, '0.00'),
(141, 'peperoni', '0.00', 1, 0, 1, 0, '0.00'),
(142, 'uovo', '0.00', 1, 0, 1, 0, '0.00'),
(143, 'salame', '0.00', 1, 0, 1, 0, '0.00'),
(144, 'gamberi', '0.00', 1, 0, 1, 0, '0.00'),
(145, 'avocado', '0.00', 1, 0, 1, 0, '0.00'),
(146, 'salsa rosa', '0.00', 1, 0, 1, 0, '0.00'),
(147, 'aceto bals', '0.00', 1, 0, 1, 0, '0.00'),
(148, 'pancetta', '0.00', 1, 0, 1, 0, '0.00'),
(149, 'Radicchio', '0.00', 1, 0, 1, 0, '0.00'),
(150, 'ins.verde', '0.00', 1, 0, 1, 0, '0.00'),
(151, 'piadina', '0.00', 1, 0, 1, 0, '0.00'),
(152, 'coppa', '0.00', 1, 0, 1, 0, '0.00'),
(153, 'pecorino', '0.00', 1, 0, 1, 0, '0.00'),
(154, 'squacquerone', '0.00', 1, 0, 1, 0, '0.00'),
(155, 'lombetto', '0.00', 1, 0, 1, 0, '0.00'),
(156, 'scamorza', '0.00', 1, 0, 1, 0, '0.00'),
(158, 'bresaola', '0.00', 1, 0, 1, 0, '0.00'),
(159, 'garganello', '0.00', 2, 0, 1, 0, '0.00'),
(160, 'porcini', '0.00', 2, 0, 1, 0, '0.00'),
(161, 'zucchine', '0.00', 2, 0, 1, 0, '0.00'),
(163, 'mel', '0.00', 2, 0, 1, 0, '0.00'),
(164, 'fagioli', '0.00', 2, 0, 1, 0, '0.00'),
(165, 'zucch', '0.00', 2, 0, 1, 0, '0.00'),
(166, 'peper', '0.00', 2, 0, 1, 0, '0.00'),
(221, 'pom.gr', '0.00', 4, 0, 1, 0, '0.00'),
(168, 'gorgonzola', '0.00', 2, 0, 1, 0, '0.00'),
(169, 'noci', '0.00', 2, 0, 1, 0, '0.00'),
(170, 'gramigna', '0.00', 2, 0, 1, 0, '0.00'),
(171, 'salsiccia', '0.00', 2, 0, 1, 0, '0.00'),
(172, 'spinaci', '0.00', 2, 0, 1, 0, '0.00'),
(173, 'pom.fresco', '0.00', 2, 0, 1, 0, '0.00'),
(174, 'asparago', '0.00', 2, 0, 1, 0, '0.00'),
(175, 'broccolo', '0.00', 2, 0, 1, 0, '0.00'),
(176, 'grana', '0.00', 2, 0, 1, 0, '0.00'),
(177, 'prezzemolo', '0.00', 2, 0, 1, 0, '0.00'),
(178, 'burro', '0.00', 2, 0, 1, 0, '0.00'),
(179, 'salvia', '0.00', 2, 0, 1, 0, '0.00'),
(180, 'olio', '0.00', 2, 0, 1, 0, '0.00'),
(181, 'agnello', '0.00', 2, 0, 1, 0, '0.00'),
(182, 'speck', '0.00', 2, 0, 1, 0, '0.00'),
(183, 'basilico', '0.00', 2, 0, 1, 0, '0.00'),
(184, 'tonno', '0.00', 2, 0, 1, 0, '0.00'),
(185, 'olive', '0.00', 2, 0, 1, 0, '0.00'),
(186, 'pomod (salsa)', '0.00', 2, 0, 1, 0, '0.00'),
(187, 'panna', '0.00', 2, 0, 1, 0, '0.00'),
(188, 'rag?', '0.00', 2, 0, 1, 0, '0.00'),
(189, 'pesto', '0.00', 2, 0, 1, 0, '0.00'),
(190, 'peperoni', '0.00', 2, 0, 1, 0, '0.00'),
(191, 'prosciutto', '0.00', 2, 0, 1, 0, '0.00'),
(192, 'scalogno', '0.00', 2, 0, 1, 0, '0.00'),
(193, 'gamberi', '0.00', 2, 0, 1, 0, '0.00'),
(194, 'brandy', '0.00', 2, 0, 1, 0, '0.00'),
(195, 'rucola', '0.00', 2, 0, 1, 0, '0.00'),
(196, 'taleggio', '0.00', 2, 0, 1, 0, '0.00'),
(197, 'cotto', '0.00', 2, 0, 1, 0, '0.00'),
(198, 'pancetta aff.', '0.00', 2, 0, 1, 0, '0.00'),
(199, 'pepe', '0.00', 2, 0, 1, 0, '0.00'),
(200, 'uovo', '0.00', 2, 0, 1, 0, '0.00'),
(201, 'sale', '0.00', 2, 0, 1, 0, '0.00'),
(202, 'aglio', '0.00', 2, 0, 1, 0, '0.00'),
(203, 'peperoncino', '0.00', 2, 0, 1, 0, '0.00'),
(204, 'salmone', '0.00', 2, 0, 1, 0, '0.00'),
(205, 'vodka', '0.00', 2, 0, 1, 0, '0.00'),
(206, 'gnocco', '0.00', 2, 0, 1, 0, '0.00'),
(207, 'gramigna', '0.00', 2, 0, 1, 0, '0.00'),
(208, 'crespelle', '0.00', 2, 0, 1, 0, '0.00'),
(209, 'linguine', '0.00', 2, 0, 1, 0, '0.00'),
(210, 'penne', '0.00', 2, 0, 1, 0, '0.00'),
(211, 'ravioli', '0.00', 2, 0, 1, 0, '0.00'),
(212, 'riso', '0.00', 2, 0, 1, 0, '0.00'),
(213, 'strozzapreti', '0.00', 2, 0, 1, 0, '0.00'),
(214, 'taglierini', '0.00', 2, 0, 1, 0, '0.00'),
(215, 'tagliatelle', '0.00', 2, 0, 1, 0, '0.00'),
(216, 'tortelli', '0.00', 2, 0, 1, 0, '0.00'),
(217, 'cappelletti', '0.00', 2, 0, 1, 0, '0.00'),
(218, 'farfalle', '0.00', 2, 0, 1, 0, '0.00'),
(219, 'spago torchio', '0.00', 2, 0, 1, 0, '0.00'),
(220, 'spago semola', '0.00', 2, 0, 1, 0, '0.00'),
(222, 'mel.gr', '0.00', 4, 0, 1, 0, '0.00'),
(223, 'zucch.gr', '0.00', 4, 0, 1, 0, '0.00'),
(224, 'rad.gr', '0.00', 4, 0, 1, 0, '0.00'),
(225, 'asparago', '0.00', 4, 0, 1, 0, '0.00'),
(226, 'grana', '0.00', 4, 0, 1, 0, '0.00'),
(227, 'burro', '0.00', 4, 0, 1, 0, '0.00'),
(228, 'cip.fresca', '0.00', 4, 0, 1, 0, '0.00'),
(229, 'carota', '0.00', 4, 0, 1, 0, '0.00'),
(230, 'sedano', '0.00', 4, 0, 1, 0, '0.00'),
(231, 'finocchio', '0.00', 4, 0, 1, 0, '0.00'),
(232, 'peper.', '0.00', 4, 0, 1, 0, '0.00'),
(233, 'pomod.fr', '0.00', 4, 0, 1, 0, '0.00'),
(234, 'ravanello', '0.00', 4, 0, 1, 0, '0.00'),
(235, 'radicchio', '0.00', 4, 0, 1, 0, '0.00'),
(236, 'cetriolo', '0.00', 4, 0, 1, 0, '0.00'),
(237, 'funghi', '0.00', 4, 0, 1, 0, '0.00'),
(238, 'patate', '0.00', 4, 0, 1, 0, '0.00'),
(239, 'zucchine', '0.00', 4, 0, 1, 0, '0.00'),
(240, 'spinacio', '0.00', 4, 0, 1, 0, '0.00'),
(241, 'broccolo', '0.00', 4, 0, 1, 0, '0.00'),
(242, 'fagiolini', '0.00', 4, 0, 1, 0, '0.00'),
(243, 'sale', '0.00', 4, 0, 1, 0, '0.00'),
(244, 'rosmarino', '0.00', 4, 0, 1, 0, '0.00'),
(245, 'limone', '0.00', 4, 0, 1, 0, '0.00'),
(246, 'olio', '0.00', 4, 0, 1, 0, '0.00'),
(247, '1/2', '-1.40', 5, 0, 1, 0, '0.00'),
(248, 'mascarpone', '1.00', 5, 0, 1, 0, '0.00'),
(249, 'caramello', '0.50', 5, 0, 1, 0, '0.00'),
(250, 'panna', '0.50', 5, 0, 1, 0, '0.00'),
(251, 'special', '0.00', 5, 0, 1, 0, '0.00'),
(252, 'panna amaretto', '0.00', 5, 0, 1, 0, '0.00'),
(253, 'semifreddo', '0.00', 5, 0, 1, 0, '0.00'),
(254, 'panna FB', '0.00', 5, 0, 1, 0, '0.00'),
(255, 'zabaione', '0.00', 5, 0, 1, 0, '0.00'),
(256, 'macedonia', '0.00', 5, 0, 1, 0, '0.00'),
(257, 'profitteroles', '0.00', 5, 0, 1, 0, '0.00'),
(258, 'tartufo b.', '0.00', 5, 0, 1, 0, '0.00'),
(259, 'tartufo n.', '0.00', 5, 0, 1, 0, '0.00'),
(260, 'meringa', '0.00', 5, 0, 1, 0, '0.00'),
(261, 'zuppa inglese', '0.00', 5, 0, 1, 0, '0.00'),
(262, 'millefoglie', '0.00', 5, 0, 1, 0, '0.00'),
(263, 'tortino', '0.00', 5, 0, 1, 0, '0.00'),
(264, 'pippolla', '1.00', 10, 0, 1, 0, '0.00'),
(265, 'doppia farcitura di peli', '0.00', 10, 0, 0, 0, '0.00'),
(266, 'scondito', '0.00', 3, 0, 1, 0, '0.00'),
(267, 'radicchio', '0.00', 3, 0, 1, 0, '0.00'),
(268, 'pepe verde', '0.00', 3, 0, 1, 0, '0.00'),
(269, 'porcini', '0.00', 3, 0, 1, 0, '0.00'),
(270, 'balsamico', '0.00', 3, 0, 1, 0, '0.00'),
(271, 'patate less', '0.00', 3, 0, 1, 0, '0.00'),
(272, 'salvia', '0.00', 3, 0, 1, 0, '0.00'),
(273, 'vino bianco', '0.00', 3, 0, 1, 0, '0.00'),
(274, 'panna', '0.00', 3, 0, 1, 0, '0.00'),
(275, 'brandy', '0.00', 3, 0, 1, 0, '0.00'),
(276, 'senape', '0.00', 3, 0, 1, 0, '0.00'),
(277, 'rosmarino', '0.00', 3, 0, 1, 0, '0.00'),
(278, 'rucola', '0.00', 3, 0, 1, 0, '0.00'),
(279, 'patate forno', '0.00', 3, 0, 1, 0, '0.00'),
(280, 'prosciutto', '0.00', 3, 0, 1, 0, '0.00'),
(281, 'pom.fresco', '0.00', 3, 0, 1, 0, '0.00'),
(282, 'pat.fritte', '0.00', 3, 0, 1, 0, '0.00'),
(283, 'wursel', '0.00', 3, 0, 1, 0, '0.00'),
(284, 'Aceto', '0.00', 3, 0, 1, 0, '0.00'),
(285, 'Aceto bals.', '0.00', 2, 0, 1, 0, '0.00'),
(286, 'Aceto bals.', '0.00', 3, 0, 1, 0, '0.00'),
(287, 'Aceto', '0.00', 1, 0, 1, 0, '0.00'),
(288, 'Garg. porc+zucc', '0.00', 2, 0, 1, 0, '0.00'),
(289, 'Garg. paesana', '0.00', 2, 0, 1, 0, '0.00'),
(290, 'Gnocco Z+n', '0.00', 2, 0, 1, 0, '0.00'),
(291, 'Gram. S+S', '0.00', 2, 0, 1, 0, '0.00'),
(292, 'Crespella', '0.00', 2, 0, 1, 0, '0.00'),
(293, 'Linguina pesto', '0.00', 2, 0, 1, 0, '0.00'),
(294, 'Penna Arrab.', '0.00', 2, 0, 1, 0, '0.00'),
(295, 'Rav. B+S', '0.00', 2, 0, 1, 0, '0.00'),
(296, 'Rav. Agn+Zucch', '0.00', 2, 0, 1, 0, '0.00'),
(297, 'Riso asp.', '0.00', 2, 0, 1, 0, '0.00'),
(298, 'Riso porc.', '0.00', 2, 0, 1, 0, '0.00'),
(299, 'Strozza sp+zucch', '0.00', 2, 0, 1, 0, '0.00'),
(300, 'Strozza past.', '0.00', 2, 0, 1, 0, '0.00'),
(301, 'Tagliat. Ragu', '0.00', 2, 0, 1, 0, '0.00'),
(302, 'Tagliar. verd.', '0.00', 2, 0, 1, 0, '0.00'),
(303, 'Tagliar. P+asp.', '0.00', 2, 0, 1, 0, '0.00'),
(304, 'Tagliar. Gamb+brocc.', '0.00', 2, 0, 1, 0, '0.00'),
(305, 'Tort. Porc.', '0.00', 2, 0, 1, 0, '0.00'),
(306, 'Tort. Porc+Panna', '0.00', 2, 0, 1, 0, '0.00'),
(307, 'Capp. Sc+P', '0.00', 2, 0, 1, 0, '0.00'),
(308, 'Capp. Panna+Cotto', '0.00', 2, 0, 1, 0, '0.00'),
(309, 'Farf. Ruc+Tal.', '0.00', 2, 0, 1, 0, '0.00'),
(310, 'Spago carb.', '0.00', 2, 0, 1, 0, '0.00'),
(311, 'Spago AOP', '0.00', 2, 0, 1, 0, '0.00'),
(312, 'Torchio Tonno', '0.00', 2, 0, 1, 0, '0.00'),
(313, 'Torchio Salm.', '0.00', 2, 0, 1, 0, '0.00'),
(314, 'Capp. Pasticc.', '0.00', 2, 0, 1, 0, '0.00'),
(315, 'Capp. Ragu', '0.00', 2, 0, 1, 0, '0.00'),
(316, 'Gnocco Ragu', '0.00', 2, 0, 1, 0, '0.00'),
(317, 'Gnocco Pom.', '0.00', 2, 0, 1, 0, '0.00'),
(318, 'Tort. Ragu', '0.00', 2, 0, 1, 0, '0.00'),
(319, 'Rav. Ragu', '0.00', 2, 0, 1, 0, '0.00'),
(320, 'fiamm.', '0.00', 2, 0, 1, 0, '0.00'),
(321, 'F.F.', '0.00', 8, 1, 1, 0, '0.00'),
(322, '/2', '0.00', 0, 1, 1, 0, '0.00'),
(327, 'fagiolini', '0.00', 1, 0, 1, 0, '0.00'),
(328, 'Mais', '0.00', 1, 0, 1, 0, '0.00'),
(329, 'Ciliegie di mozzarella', '0.00', 1, 0, 1, 0, '0.00'),
(330, 'Ghiaccio', '0.00', 8, 1, 1, 0, '0.00'),
(331, 'Carote', '0.00', 1, 1, 1, 0, '0.00'),
(332, 'Pancetta', '0.00', 3, 0, 1, 0, '0.00'),
(333, 'Salsiccia', '0.00', 3, 0, 1, 0, '0.00'),
(334, 'Castrato', '0.00', 3, 0, 1, 0, '0.00'),
(335, 'Petto di pollo', '0.00', 3, 0, 1, 0, '0.00'),
(336, 'Coniglio', '0.00', 3, 0, 1, 0, '0.00'),
(337, 'Origano', '0.00', 6, 0, 1, 0, '0.00'),
(338, 'Cetrioli', '0.00', 1, 0, 1, 0, '0.00'),
(340, 'birra', '0.00', 0, 0, 1, 0, '0.00'),
(344, 'kaka', '12.00', 0, 1, 1, 1, '13.00');

-- --------------------------------------------------------

--
-- Table structure for table `last_orders`
--

DROP TABLE IF EXISTS `last_orders`;
CREATE TABLE IF NOT EXISTS `last_orders` (
  `id` bigint(20) unsigned NOT NULL auto_increment,
  `timestamp` timestamp NOT NULL default CURRENT_TIMESTAMP on update CURRENT_TIMESTAMP,
  `dishid` mediumint(9) NOT NULL default '0',
  PRIMARY KEY  (`id`)
) ENGINE=MyISAM  DEFAULT CHARSET=latin1 AUTO_INCREMENT=297 ;

--
-- Dumping data for table `last_orders`
--

INSERT INTO `last_orders` (`id`, `timestamp`, `dishid`) VALUES
(196, '2009-02-20 12:42:13', 18),
(145, '2009-01-08 21:52:58', 601),
(105, '2008-12-29 16:44:07', 122),
(107, '2008-12-29 16:44:11', 605),
(108, '2008-12-29 16:44:11', 605),
(109, '2008-12-29 16:44:11', 605),
(243, '2009-03-21 18:31:30', 12),
(169, '2009-01-10 22:16:12', 605),
(168, '2009-01-09 19:02:07', 14),
(167, '2009-01-09 19:01:14', 14),
(166, '2009-01-09 19:01:04', 124),
(165, '2009-01-09 18:57:22', 857),
(164, '2009-01-09 18:57:19', 12),
(163, '2009-01-09 18:57:13', 12),
(162, '2009-01-09 18:57:11', 301),
(157, '2009-01-08 23:04:58', 605),
(156, '2009-01-08 23:03:22', 12),
(155, '2009-01-08 23:03:22', 12),
(154, '2009-01-08 23:03:22', 12),
(153, '2009-01-08 23:03:22', 12),
(152, '2009-01-08 23:03:11', 12),
(151, '2009-01-08 22:32:31', 605),
(150, '2009-01-08 22:32:30', 18),
(149, '2009-01-08 22:31:38', 601),
(148, '2009-01-08 22:31:36', 12),
(147, '2009-01-08 21:53:05', 12),
(146, '2009-01-08 21:52:59', 605),
(142, '2009-01-08 21:24:03', 525),
(130, '2008-12-29 23:00:06', 18),
(129, '2008-12-29 23:00:05', 605),
(143, '2009-01-08 21:52:57', 12),
(127, '2008-12-29 22:54:18', 12),
(126, '2008-12-29 22:54:14', 919),
(125, '2008-12-29 22:54:10', 801),
(117, '2008-12-29 22:27:04', 12),
(115, '2008-12-29 22:26:15', 18),
(89, '2008-12-01 21:55:08', 502),
(90, '2008-12-01 21:55:11', 18),
(91, '2008-12-01 21:55:11', 18),
(92, '2008-12-01 22:08:11', 524),
(104, '2008-12-29 16:44:05', 122),
(96, '2008-12-29 16:41:08', 601),
(95, '2008-12-29 16:41:07', 601),
(94, '2008-12-16 17:40:38', 524),
(88, '2008-12-01 21:53:07', 18),
(69, '2008-07-24 12:12:28', 914),
(87, '2008-12-01 21:53:07', 18),
(86, '2008-12-01 21:53:07', 18),
(85, '2008-12-01 21:53:04', 12),
(84, '2008-12-01 21:52:39', 123),
(83, '2008-12-01 21:50:30', 873),
(82, '2008-12-01 21:49:35', 18),
(81, '2008-12-01 21:49:26', 873),
(80, '2008-12-01 21:49:20', 123),
(79, '2008-12-01 21:48:59', 123),
(78, '2008-12-01 21:12:12', 601),
(68, '2008-07-24 12:10:36', 2),
(70, '2008-07-24 12:12:33', 808),
(71, '2008-07-24 12:14:43', 420),
(72, '2008-07-24 12:14:53', 906),
(73, '2008-07-24 12:14:59', 12),
(74, '2008-07-24 12:31:42', 18),
(75, '2008-07-24 12:31:43', 12),
(76, '2008-07-24 12:31:44', 873),
(171, '2009-01-10 23:52:20', 201),
(172, '2009-01-11 00:17:22', 806),
(173, '2009-01-11 23:58:49', 12),
(174, '2009-01-12 00:00:09', 12),
(175, '2009-01-12 00:00:37', 12),
(176, '2009-02-19 19:51:34', 12),
(177, '2009-02-19 19:51:36', 18),
(178, '2009-02-19 19:51:37', 605),
(179, '2009-02-19 19:51:39', 601),
(274, '2009-03-22 00:33:42', 208),
(181, '2009-02-20 12:15:17', 808),
(182, '2009-02-20 12:15:20', 12),
(183, '2009-02-20 12:15:26', 12),
(184, '2009-02-20 12:15:29', 12),
(185, '2009-02-20 12:15:43', 808),
(186, '2009-02-20 12:15:43', 808),
(187, '2009-02-20 12:15:43', 808),
(188, '2009-02-20 12:15:43', 808),
(189, '2009-02-20 12:15:43', 808),
(190, '2009-02-20 12:15:43', 808),
(191, '2009-02-20 12:21:50', 304),
(192, '2009-02-20 12:21:54', 705),
(193, '2009-02-20 12:42:05', 12),
(194, '2009-02-20 12:42:07', 18),
(195, '2009-02-20 12:42:08', 18),
(197, '2009-02-20 12:42:24', 18),
(198, '2009-02-20 12:42:24', 18),
(199, '2009-02-20 12:42:24', 18),
(200, '2009-02-20 13:05:20', 18),
(201, '2009-02-20 13:05:35', 705),
(202, '2009-02-20 13:09:59', 3),
(203, '2009-02-20 13:10:02', 505),
(280, '2009-04-16 17:51:19', 7),
(205, '2009-02-20 13:24:20', 18),
(206, '2009-02-20 13:27:06', 10),
(207, '2009-02-20 13:27:09', 810),
(208, '2009-02-20 13:27:26', 601),
(209, '2009-02-20 13:30:06', 905),
(210, '2009-02-20 13:30:12', 905),
(211, '2009-02-20 13:30:12', 905),
(212, '2009-02-20 13:30:12', 905),
(213, '2009-02-20 13:30:12', 905),
(214, '2009-02-20 13:30:28', 18),
(215, '2009-02-20 13:37:13', 206),
(216, '2009-02-20 13:47:44', 302),
(217, '2009-02-20 13:47:48', 805),
(221, '2009-03-13 22:09:26', 12),
(220, '2009-03-13 22:08:47', 12),
(222, '2009-03-13 22:09:58', 12),
(223, '2009-03-13 22:10:02', 14),
(224, '2009-03-13 22:10:05', 12),
(225, '2009-03-21 15:54:47', 6),
(226, '2009-03-21 15:57:05', 12),
(227, '2009-03-21 15:57:06', 12),
(228, '2009-03-21 16:01:54', 12),
(229, '2009-03-21 17:28:15', 12),
(230, '2009-03-21 18:02:00', 12),
(231, '2009-03-21 18:02:01', 12),
(232, '2009-03-21 18:02:28', 12),
(233, '2009-03-21 18:02:48', 12),
(234, '2009-03-21 18:23:07', 12),
(235, '2009-03-21 18:24:01', 12),
(236, '2009-03-21 18:24:24', 12),
(237, '2009-03-21 18:24:41', 12),
(238, '2009-03-21 18:24:46', 12),
(239, '2009-03-21 18:30:24', 12),
(240, '2009-03-21 18:30:34', 12),
(244, '2009-03-21 18:34:39', 12),
(245, '2009-03-21 18:34:40', 12),
(246, '2009-03-21 18:36:36', 12),
(247, '2009-03-21 18:36:37', 12),
(248, '2009-03-21 18:36:38', 21),
(249, '2009-03-21 18:37:16', 12),
(250, '2009-03-21 18:37:16', 12),
(251, '2009-03-21 18:37:17', 12),
(252, '2009-03-21 18:37:17', 12),
(253, '2009-03-21 18:37:18', 12),
(254, '2009-03-21 18:39:44', 12),
(255, '2009-03-21 18:39:45', 12),
(256, '2009-03-21 18:39:45', 12),
(257, '2009-03-21 20:30:04', 2),
(258, '2009-03-21 20:53:34', 3),
(259, '2009-03-21 20:53:35', 6),
(260, '2009-03-21 20:53:35', 7),
(261, '2009-03-21 21:19:18', 12),
(262, '2009-03-21 21:19:19', 12),
(263, '2009-03-21 21:19:20', 12),
(264, '2009-03-21 21:45:25', 12),
(265, '2009-03-21 21:54:45', 706),
(266, '2009-03-21 21:54:46', 709),
(267, '2009-03-21 23:30:33', 103),
(268, '2009-03-21 23:42:07', 19),
(269, '2009-03-22 00:02:45', 203),
(270, '2009-03-22 00:02:46', 209),
(271, '2009-03-22 00:02:47', 208),
(272, '2009-03-22 00:31:09', 3),
(273, '2009-03-22 00:31:10', 15),
(275, '2009-03-22 00:33:44', 203),
(276, '2009-03-22 00:33:45', 202),
(277, '2009-03-22 00:33:49', 12),
(278, '2009-03-22 00:33:50', 15),
(279, '2009-04-16 17:51:14', 101),
(281, '2009-04-16 17:51:20', 7),
(282, '2009-04-16 17:51:27', 7),
(283, '2009-04-16 17:51:27', 7),
(284, '2009-04-16 17:51:27', 7),
(285, '2009-04-16 17:51:40', 12),
(286, '2009-04-16 17:51:42', 16),
(287, '2009-04-16 18:05:16', 12),
(288, '2009-04-18 19:16:44', 3),
(289, '2009-04-18 19:16:46', 3),
(290, '2009-05-05 19:20:35', 6),
(291, '2009-05-05 19:20:37', 15),
(292, '2009-05-05 19:29:38', 3),
(293, '2009-05-05 19:29:40', 12),
(294, '2009-05-05 19:29:44', 12),
(295, '2009-05-05 19:29:47', 16),
(296, '2009-05-05 19:56:21', 6);

-- --------------------------------------------------------

--
-- Table structure for table `mgmt_people_types`
--

DROP TABLE IF EXISTS `mgmt_people_types`;
CREATE TABLE IF NOT EXISTS `mgmt_people_types` (
  `id` tinyint(4) NOT NULL auto_increment,
  `name` text NOT NULL,
  UNIQUE KEY `id` (`id`)
) ENGINE=MyISAM  DEFAULT CHARSET=latin1 AUTO_INCREMENT=6 ;

--
-- Dumping data for table `mgmt_people_types`
--

INSERT INTO `mgmt_people_types` (`id`, `name`) VALUES
(1, 'bank'),
(2, 'supplier'),
(3, 'pos'),
(4, 'employee'),
(5, 'other');

-- --------------------------------------------------------

--
-- Table structure for table `mgmt_types`
--

DROP TABLE IF EXISTS `mgmt_types`;
CREATE TABLE IF NOT EXISTS `mgmt_types` (
  `id` int(11) NOT NULL auto_increment,
  `name` text NOT NULL,
  `account_only` tinyint(4) NOT NULL default '0',
  `is_invoice` tinyint(4) NOT NULL default '0',
  `is_receipt` tinyint(4) NOT NULL default '0',
  `log_to_bank` tinyint(3) unsigned NOT NULL default '0',
  `is_invoice_payment` tinyint(3) unsigned NOT NULL default '0',
  `is_bill` tinyint(4) NOT NULL default '0',
  UNIQUE KEY `id` (`id`)
) ENGINE=MyISAM  DEFAULT CHARSET=latin1 AUTO_INCREMENT=14 ;

--
-- Dumping data for table `mgmt_types`
--

INSERT INTO `mgmt_types` (`id`, `name`, `account_only`, `is_invoice`, `is_receipt`, `log_to_bank`, `is_invoice_payment`, `is_bill`) VALUES
(1, 'check', 0, 0, 0, 1, 1, 0),
(2, 'credit_trans', 0, 0, 0, 1, 1, 0),
(3, 'invoice', 0, 1, 0, 0, 0, 0),
(4, 'receipt', 0, 0, 1, 0, 1, 0),
(5, 'ticket', 0, 0, 0, 0, 0, 1),
(6, 'deposit', 0, 0, 0, 1, 0, 0),
(7, 'pos_type', 0, 0, 0, 1, 0, 0),
(8, 'interests', 1, 0, 0, 0, 0, 0),
(9, 'tax', 1, 0, 0, 0, 0, 0),
(10, 'op_expense', 1, 0, 0, 0, 0, 0),
(11, 'acc_expense', 1, 0, 0, 0, 0, 0),
(12, 'other_type', 1, 0, 0, 0, 0, 0),
(13, 'withdrawal', 1, 0, 0, 0, 0, 0);

-- --------------------------------------------------------

--
-- Table structure for table `orders`
--

DROP TABLE IF EXISTS `orders`;
CREATE TABLE IF NOT EXISTS `orders` (
  `id` int(11) unsigned NOT NULL auto_increment,
  `dishid` mediumint(9) NOT NULL default '0',
  `printed` datetime default '0000-00-00 00:00:00',
  `suspend` tinyint(4) NOT NULL default '0',
  `associated_id` mediumint(9) NOT NULL default '0',
  `operation` mediumint(9) NOT NULL default '0',
  `ingredid` text NOT NULL,
  `ingred_qty` tinyint(4) NOT NULL default '0',
  `extra_care` tinyint(4) NOT NULL default '0',
  `sourceid` mediumint(9) NOT NULL default '0',
  `quantity` tinyint(4) NOT NULL default '0',
  `priority` smallint(6) NOT NULL default '1',
  `price` decimal(10,2) NOT NULL default '0.00',
  `ingreds` text NOT NULL,
  `category` mediumint(9) NOT NULL default '1',
  `paid` tinyint(4) NOT NULL default '0',
  `deleted` smallint(6) NOT NULL default '0',
  `timestamp` timestamp NOT NULL default CURRENT_TIMESTAMP on update CURRENT_TIMESTAMP,
  `dest_id` mediumint(9) NOT NULL default '0',
  PRIMARY KEY  (`id`),
  KEY `sourceid` (`sourceid`)
) ENGINE=MyISAM  DEFAULT CHARSET=latin1 AUTO_INCREMENT=208 ;

--
-- Dumping data for table `orders`
--

INSERT INTO `orders` (`id`, `dishid`, `printed`, `suspend`, `associated_id`, `operation`, `ingredid`, `ingred_qty`, `extra_care`, `sourceid`, `quantity`, `priority`, `price`, `ingreds`, `category`, `paid`, `deleted`, `timestamp`, `dest_id`) VALUES
(2, 913, '2005-01-29 14:43:47', 0, 2, 0, '', 0, 0, 6, 1, 1, '6.70', '', 1, 0, 0, '2005-01-29 14:43:47', 1),
(3, 906, '2005-01-29 14:43:47', 0, 3, 0, '', 0, 0, 6, 25, 1, '167.50', '', 1, 0, 0, '2005-01-29 14:43:47', 2),
(4, 906, NULL, 0, 4, 0, '', 0, 0, 89, 6, 1, '40.20', '', 1, 0, 0, '2005-01-29 15:57:12', 2),
(5, 219, NULL, 0, 5, 0, '', 0, 0, 89, 1, 1, '5.50', '', 1, 0, 0, '2005-01-29 15:49:35', 1),
(6, 100, NULL, 0, 6, 0, '', 0, 0, 89, 1, 1, '5.50', '', 1, 0, 0, '2005-01-29 15:49:58', 1),
(7, 110, NULL, 0, 7, 0, '', 0, 0, 89, 2, 1, '11.00', '', 1, 0, 0, '2005-01-29 15:56:23', 1),
(8, 302, '0000-00-00 00:00:00', 0, 8, 0, '', 0, 0, 6, 0, 1, '0.00', '', 1, 1, 1, '2008-07-17 14:35:22', 1),
(9, 23, NULL, 0, 9, 0, '', 0, 0, 6, 1, 1, '4.50', '', 1, 0, 0, '2008-07-17 14:34:35', 1),
(10, 14, NULL, 0, 10, 0, '', 0, 0, 6, 1, 1, '6.00', '', 1, 0, 0, '2008-07-17 14:34:55', 1),
(11, 15, NULL, 0, 11, 0, '', 0, 0, 6, 1, 1, '5.15', '', 1, 0, 0, '2008-07-17 14:35:01', 1),
(12, 18, NULL, 0, 12, 0, '', 0, 0, 6, 5, 1, '25.75', '', 1, 0, 0, '2008-07-17 14:35:32', 1),
(13, 2, NULL, 0, 0, 0, '', 0, 0, 0, 0, 0, '0.00', '', 1, 0, 0, '2008-07-24 11:54:20', 0),
(14, 12, NULL, 0, 0, 0, '', 0, 0, 0, 0, 0, '0.00', '', 1, 0, 0, '2008-07-24 11:54:20', 0);

-- --------------------------------------------------------

--
-- Table structure for table `sources`
--

DROP TABLE IF EXISTS `sources`;
CREATE TABLE IF NOT EXISTS `sources` (
  `id` mediumint(9) NOT NULL auto_increment,
  `name` text NOT NULL,
  `ordernum` int(11) NOT NULL default '0',
  `visible` tinyint(4) NOT NULL default '1',
  `userid` mediumint(9) NOT NULL default '0',
  `toclose` tinyint(4) NOT NULL default '0',
  `discount` decimal(10,2) NOT NULL default '0.00',
  `paid` tinyint(4) NOT NULL default '0',
  `catprinted` text NOT NULL,
  `last_access_time` timestamp NOT NULL default CURRENT_TIMESTAMP on update CURRENT_TIMESTAMP,
  `last_access_userid` mediumint(9) NOT NULL default '0',
  `takeaway` tinyint(4) NOT NULL default '0',
  `takeaway_surname` text NOT NULL,
  `takeaway_time` timestamp NOT NULL default '0000-00-00 00:00:00',
  `customer` bigint(20) NOT NULL default '0',
  `locktouser` text,
  PRIMARY KEY  (`id`)
) ENGINE=MyISAM  DEFAULT CHARSET=latin1 AUTO_INCREMENT=90 ;

--
-- Dumping data for table `sources`
--

INSERT INTO `sources` (`id`, `name`, `ordernum`, `visible`, `userid`, `toclose`, `discount`, `paid`, `catprinted`, `last_access_time`, `last_access_userid`, `takeaway`, `takeaway_surname`, `takeaway_time`, `customer`, `locktouser`) VALUES
(1, '1', 1, 1, 3, 0, '0.00', 0, '', '2009-01-12 00:32:14', 3, 1, '', '0000-00-00 00:00:00', 0, '3'),
(2, '1a', 1, 1, 0, 0, '0.00', 0, '', '2008-07-24 11:49:21', 0, 0, '', '0000-00-00 00:00:00', 0, '3'),
(3, '1c', 0, 1, 3, 0, '0.00', 0, '', '2009-01-12 00:32:26', 3, 0, '', '0000-00-00 00:00:00', 0, '3'),
(4, '2', 0, 1, 0, 0, '0.00', 0, '', '2008-07-24 11:49:29', 0, 0, '', '0000-00-00 00:00:00', 0, '3'),
(5, '2a', 0, 1, 0, 0, '0.00', 0, '', '0000-00-00 00:00:00', 0, 0, '', '0000-00-00 00:00:00', 0, '3'),
(6, '2c', 0, 1, 1, 1, '0.00', 0, '', '2008-12-01 21:09:52', 2, 0, '', '0000-00-00 00:00:00', 0, '2'),
(7, '3', 3, 1, 0, 0, '0.00', 0, '', '0000-00-00 00:00:00', 0, 0, '', '0000-00-00 00:00:00', 0, '2'),
(8, '3a', 0, 1, 0, 0, '0.00', 0, '', '2005-01-29 14:44:03', 1, 0, '', '0000-00-00 00:00:00', 0, NULL),
(9, '3c', 0, 1, 0, 0, '0.00', 0, '', '0000-00-00 00:00:00', 0, 0, '', '0000-00-00 00:00:00', 0, '2'),
(10, 'X', 0, 1, 0, 0, '0.00', 0, '', '0000-00-00 00:00:00', 0, 0, '', '0000-00-00 00:00:00', 0, NULL),
(11, 'XX', 0, 1, 0, 0, '0.00', 0, '', '0000-00-00 00:00:00', 0, 0, '', '0000-00-00 00:00:00', 0, NULL),
(12, '4', 0, 1, 0, 0, '0.00', 0, '', '0000-00-00 00:00:00', 0, 0, '', '0000-00-00 00:00:00', 0, NULL),
(13, '5', 0, 1, 0, 0, '0.00', 0, '', '0000-00-00 00:00:00', 0, 0, '', '0000-00-00 00:00:00', 0, NULL),
(14, '6', 0, 1, 0, 0, '0.00', 0, '', '0000-00-00 00:00:00', 0, 0, '', '0000-00-00 00:00:00', 0, NULL),
(15, '6a', 0, 1, 0, 0, '0.00', 0, '', '0000-00-00 00:00:00', 0, 0, '', '0000-00-00 00:00:00', 0, NULL),
(16, '7', 0, 1, 0, 0, '0.00', 0, '', '0000-00-00 00:00:00', 0, 0, '', '0000-00-00 00:00:00', 0, NULL),
(17, '8', 0, 1, 0, 0, '0.00', 0, '', '0000-00-00 00:00:00', 0, 0, '', '0000-00-00 00:00:00', 0, NULL),
(18, '8a', 0, 1, 0, 0, '0.00', 0, '', '0000-00-00 00:00:00', 0, 0, '', '0000-00-00 00:00:00', 0, NULL),
(19, '9', 0, 1, 0, 0, '0.00', 0, '', '0000-00-00 00:00:00', 0, 0, '', '0000-00-00 00:00:00', 0, NULL),
(20, '9a', 0, 1, 0, 0, '0.00', 0, '', '0000-00-00 00:00:00', 0, 0, '', '0000-00-00 00:00:00', 0, NULL),
(21, '10', 0, 1, 0, 0, '0.00', 0, '', '2008-07-17 14:38:12', 6, 0, '', '0000-00-00 00:00:00', 0, NULL),
(22, '11', 2, 1, 0, 0, '0.00', 0, '', '2008-12-29 14:49:38', 6, 0, '', '0000-00-00 00:00:00', 0, NULL),
(23, '12', 0, 1, 0, 0, '0.00', 0, '', '0000-00-00 00:00:00', 0, 0, '', '0000-00-00 00:00:00', 0, NULL),
(24, '21', 0, 1, 0, 0, '0.00', 0, '', '0000-00-00 00:00:00', 0, 0, '', '0000-00-00 00:00:00', 0, NULL),
(25, '21a', 0, 1, 0, 0, '0.00', 0, '', '0000-00-00 00:00:00', 0, 0, '', '0000-00-00 00:00:00', 0, NULL),
(26, '22', 0, 1, 0, 0, '0.00', 0, '', '0000-00-00 00:00:00', 0, 0, '', '0000-00-00 00:00:00', 0, NULL),
(27, '22a\r\n', 0, 1, 0, 0, '0.00', 0, '', '0000-00-00 00:00:00', 0, 0, '', '0000-00-00 00:00:00', 0, NULL),
(28, '23', 0, 1, 0, 0, '0.00', 0, '', '0000-00-00 00:00:00', 0, 0, '', '0000-00-00 00:00:00', 0, NULL),
(29, '23a', 0, 1, 0, 0, '0.00', 0, '', '0000-00-00 00:00:00', 0, 0, '', '0000-00-00 00:00:00', 0, NULL),
(30, '24', 0, 1, 0, 0, '0.00', 0, '', '0000-00-00 00:00:00', 0, 0, '', '0000-00-00 00:00:00', 0, NULL),
(31, '24a', 0, 1, 0, 0, '0.00', 0, '', '0000-00-00 00:00:00', 0, 0, '', '0000-00-00 00:00:00', 0, NULL),
(32, '24c', 0, 1, 0, 0, '0.00', 0, '', '0000-00-00 00:00:00', 0, 0, '', '0000-00-00 00:00:00', 0, NULL),
(33, '25', 0, 1, 0, 0, '0.00', 0, '', '0000-00-00 00:00:00', 0, 0, '', '0000-00-00 00:00:00', 0, NULL),
(34, '26', 0, 1, 0, 0, '0.00', 0, '', '0000-00-00 00:00:00', 0, 0, '', '0000-00-00 00:00:00', 0, NULL),
(35, '26a', 0, 1, 0, 0, '0.00', 0, '', '0000-00-00 00:00:00', 0, 0, '', '0000-00-00 00:00:00', 0, NULL),
(36, '27', 0, 1, 0, 0, '0.00', 0, '', '0000-00-00 00:00:00', 0, 0, '', '0000-00-00 00:00:00', 0, NULL),
(37, '27a', 0, 1, 0, 0, '0.00', 0, '', '0000-00-00 00:00:00', 0, 0, '', '0000-00-00 00:00:00', 0, NULL),
(38, '27c', 0, 1, 0, 0, '0.00', 0, '', '0000-00-00 00:00:00', 0, 0, '', '0000-00-00 00:00:00', 0, NULL),
(39, '27d', 0, 1, 0, 0, '0.00', 0, '', '0000-00-00 00:00:00', 0, 0, '', '0000-00-00 00:00:00', 0, NULL),
(40, '28', 0, 1, 0, 0, '0.00', 0, '', '0000-00-00 00:00:00', 0, 0, '', '0000-00-00 00:00:00', 0, NULL),
(41, '28a', 0, 1, 0, 0, '0.00', 0, '', '0000-00-00 00:00:00', 0, 0, '', '0000-00-00 00:00:00', 0, NULL),
(42, '29', 0, 1, 0, 0, '0.00', 0, '', '0000-00-00 00:00:00', 0, 0, '', '0000-00-00 00:00:00', 0, NULL),
(43, '30', 0, 1, 0, 0, '0.00', 0, '', '0000-00-00 00:00:00', 0, 0, '', '0000-00-00 00:00:00', 0, NULL),
(44, '30a', 0, 1, 0, 0, '0.00', 0, '', '0000-00-00 00:00:00', 0, 0, '', '0000-00-00 00:00:00', 0, NULL),
(82, 'Bar', 0, 1, 0, 0, '0.00', 0, '', '0000-00-00 00:00:00', 0, 0, '', '0000-00-00 00:00:00', 0, NULL),
(83, 'Bar a', 0, 1, 0, 0, '0.00', 0, '', '0000-00-00 00:00:00', 0, 0, '', '0000-00-00 00:00:00', 0, NULL),
(84, '1b', 0, 1, 0, 0, '0.00', 0, '', '0000-00-00 00:00:00', 0, 0, '', '0000-00-00 00:00:00', 0, NULL),
(85, '2b', 0, 1, 0, 0, '0.00', 0, '', '0000-00-00 00:00:00', 0, 0, '', '0000-00-00 00:00:00', 0, NULL),
(86, '3b', 0, 1, 0, 0, '0.00', 0, '', '0000-00-00 00:00:00', 0, 0, '', '0000-00-00 00:00:00', 0, NULL),
(87, 'Takeaway 1', 0, 1, 1, 0, '0.00', 0, '', '2005-01-29 15:48:38', 1, 1, '', '0000-00-00 00:00:00', 0, NULL),
(88, 'Takeaway 2', 0, 1, 0, 0, '0.00', 0, '', '0000-00-00 00:00:00', 0, 1, '', '0000-00-00 00:00:00', 0, NULL),
(89, 'Takeaway 3', 0, 1, 1, 0, '0.00', 0, '', '2005-01-29 15:57:14', 1, 1, 'pippo', '2005-01-29 14:48:00', 1, NULL);

-- --------------------------------------------------------

--
-- Table structure for table `stock_ingredient_quantities`
--

DROP TABLE IF EXISTS `stock_ingredient_quantities`;
CREATE TABLE IF NOT EXISTS `stock_ingredient_quantities` (
  `id` bigint(20) NOT NULL auto_increment,
  `timestamp` timestamp NOT NULL default CURRENT_TIMESTAMP on update CURRENT_TIMESTAMP,
  `obj_id` bigint(20) NOT NULL default '0',
  `dish_id` bigint(20) NOT NULL default '0',
  `quantity` float NOT NULL default '0',
  PRIMARY KEY  (`id`),
  KEY `obj_id` (`obj_id`),
  KEY `dish_id` (`dish_id`)
) ENGINE=MyISAM  DEFAULT CHARSET=latin1 AUTO_INCREMENT=119 ;

--
-- Dumping data for table `stock_ingredient_quantities`
--

INSERT INTO `stock_ingredient_quantities` (`id`, `timestamp`, `obj_id`, `dish_id`, `quantity`) VALUES
(1, '2005-01-16 05:41:36', 2187, 217, 0.139),
(2, '2005-01-16 05:48:34', 2132, 307, 0.2),
(3, '2005-01-16 14:15:17', 2131, 300, 0.216667),
(4, '2005-01-16 05:49:24', 2133, 300, 0.005),
(5, '2005-01-16 05:49:24', 1918, 526, 0.25),
(6, '2005-01-16 14:25:32', 2227, 728, 0.1),
(7, '2005-01-16 16:33:03', 1917, 527, 0.0283495),
(8, '2005-01-16 16:33:03', 1920, 527, 0.907185),
(9, '2005-01-16 16:33:32', 2040, 23, 0.453592),
(10, '2005-01-22 04:07:38', 2115, 905, 0.3),
(11, '2005-01-17 05:02:49', 2227, 736, 0.04),
(12, '2005-01-17 05:14:43', 2241, 205, 0.1),
(13, '2005-01-17 05:22:46', 2188, 205, 4),
(14, '2005-01-19 01:43:51', 2227, 727, 0.1),
(15, '2005-01-19 01:44:31', 1972, 618, 0.003),
(16, '2005-01-20 20:05:07', 2243, 920, 0.5),
(17, '2005-01-20 20:05:07', 2243, 919, 1),
(18, '2005-01-22 03:25:33', 2242, 23, 0.003),
(19, '2005-01-22 03:35:26', 2064, 25, 0.1),
(20, '2005-01-22 05:21:18', 2015, 917, 0.018),
(21, '2005-01-22 18:01:43', 2233, 917, 0.5),
(22, '2005-01-22 03:50:53', 2243, 917, 0.05),
(23, '2005-01-22 05:28:58', 2232, 711, 0.002),
(24, '2005-01-22 05:30:14', 2240, 917, 0.005),
(25, '2005-01-22 06:00:03', 2243, 704, 0.4),
(26, '2005-01-22 17:05:26', 1997, 917, 0.002),
(27, '2005-01-23 03:40:35', 1920, 507, 1.5),
(28, '2005-01-22 17:10:08', 1921, 507, 0.2),
(29, '2005-01-22 17:50:28', 2053, 917, 1),
(30, '2005-01-23 01:28:31', 2174, 203, 0.002),
(71, '2008-11-25 19:21:37', 1744, 26, 0),
(70, '2008-11-25 19:21:37', 1358, 26, 0),
(69, '2008-11-25 19:21:37', 733, 26, 0),
(68, '2008-11-25 19:21:37', 56, 26, 0),
(82, '2008-12-01 21:08:48', 2018, 26, 0.6),
(81, '2008-12-01 21:08:45', 2015, 26, 0.3),
(80, '2008-12-01 21:08:18', 2012, 26, 0.2),
(86, '2009-05-11 19:20:22', 1896, 26, 0),
(118, '2009-05-21 18:39:52', 2245, 23, 0.1),
(88, '2009-05-11 19:34:12', 866, 907, 0),
(117, '2009-05-21 18:39:00', 2245, 26, 1);

-- --------------------------------------------------------

--
-- Table structure for table `stock_ingredient_samples`
--

DROP TABLE IF EXISTS `stock_ingredient_samples`;
CREATE TABLE IF NOT EXISTS `stock_ingredient_samples` (
  `id` bigint(20) NOT NULL auto_increment,
  `timestamp` timestamp NOT NULL default CURRENT_TIMESTAMP on update CURRENT_TIMESTAMP,
  `obj_id` bigint(20) NOT NULL default '0',
  `dish_id` bigint(20) NOT NULL default '0',
  `quantity` float NOT NULL default '0',
  PRIMARY KEY  (`id`),
  KEY `obj_id` (`obj_id`),
  KEY `dish_id` (`dish_id`)
) ENGINE=MyISAM  DEFAULT CHARSET=latin1 AUTO_INCREMENT=117 ;

--
-- Dumping data for table `stock_ingredient_samples`
--

INSERT INTO `stock_ingredient_samples` (`id`, `timestamp`, `obj_id`, `dish_id`, `quantity`) VALUES
(1, '2005-01-16 05:17:26', 2187, 217, 0.1),
(2, '2005-01-16 05:20:09', 2187, 217, 0.2),
(3, '2005-01-16 05:20:25', 2187, 217, 0.15),
(4, '2005-01-16 05:20:30', 2187, 217, 0.2),
(5, '2005-01-16 05:20:36', 2187, 217, 0.12),
(6, '2005-01-16 05:20:41', 2187, 217, 0.13),
(7, '2005-01-16 05:20:46', 2187, 217, 0.08),
(8, '2005-01-16 05:21:07', 2187, 217, 0.13),
(9, '2005-01-16 05:21:19', 2187, 217, 0.12),
(10, '2005-01-16 05:41:36', 2187, 217, 0.16),
(11, '2005-01-16 05:48:34', 2132, 307, 0.2),
(12, '2005-01-16 05:49:24', 2131, 300, 0.2),
(13, '2005-01-16 05:49:24', 2133, 300, 0.005),
(14, '2005-01-16 05:49:24', 2187, 217, 0.139),
(15, '2005-01-16 05:49:24', 1918, 526, 0.25),
(16, '2005-01-16 05:49:34', 2131, 300, 0.2),
(17, '2005-01-16 05:49:34', 2133, 300, 0.005),
(18, '2005-01-16 05:49:34', 2187, 217, 0.139),
(19, '2005-01-16 05:49:34', 1918, 526, 0.25),
(20, '2005-01-16 14:15:17', 2131, 300, 0.25),
(21, '2005-01-16 14:15:17', 2133, 300, 0.005),
(22, '2005-01-16 14:25:32', 2227, 728, 0.1),
(23, '2005-01-16 16:33:03', 1917, 527, 0.0283495),
(24, '2005-01-16 16:33:03', 1920, 527, 0.907185),
(25, '2005-01-16 16:33:32', 2040, 23, 0.453592),
(26, '2005-01-17 04:17:55', 2115, 905, 2),
(27, '2005-01-17 05:02:06', 2115, 905, 0.002),
(28, '2005-01-17 05:02:49', 2227, 736, 0.04),
(29, '2005-01-17 05:04:10', 2227, 736, 0.04),
(30, '2005-01-17 05:04:52', 2227, 736, 0.04),
(31, '2005-01-17 05:05:31', 2227, 736, 0.04),
(32, '2005-01-17 05:05:41', 2227, 736, 0.04),
(33, '2005-01-17 05:14:43', 2241, 205, 0.1),
(34, '2005-01-17 05:14:56', 2241, 205, 0.2),
(35, '2005-01-17 05:15:18', 2241, 205, 0.0002),
(36, '2005-01-17 05:16:09', 2241, 205, 0.0003),
(37, '2005-01-17 05:17:47', 2188, 205, 0.0002),
(38, '2005-01-17 05:18:02', 2188, 205, 0.003),
(39, '2005-01-17 05:20:15', 2188, 205, 0.003),
(40, '2005-01-17 05:22:24', 2188, 205, 0.003),
(41, '2005-01-17 05:22:46', 2188, 205, 4),
(42, '2005-01-18 15:33:11', 2115, 905, 0.002),
(43, '2005-01-19 01:43:51', 2227, 727, 0.1),
(44, '2005-01-19 01:44:06', 1972, 618, 0.1),
(45, '2005-01-19 01:44:20', 1972, 618, 0.2),
(46, '2005-01-19 01:44:31', 1972, 618, 0.003),
(47, '2005-01-20 20:05:07', 2243, 920, 0.5),
(48, '2005-01-20 20:05:07', 2243, 919, 1),
(49, '2005-01-22 03:20:46', 2242, 23, 0.002),
(50, '2005-01-22 03:21:36', 2242, 23, 0.002),
(51, '2005-01-22 03:23:46', 2242, 23, 0.002),
(52, '2005-01-22 03:25:33', 2242, 23, 0.003),
(53, '2005-01-22 03:35:26', 2064, 25, 0.1),
(54, '2005-01-22 03:50:53', 2015, 917, 0.023),
(55, '2005-01-22 03:50:53', 2233, 917, 0.1),
(56, '2005-01-22 03:50:53', 2243, 917, 0.05),
(57, '2005-01-22 04:07:38', 2115, 905, 0.3),
(58, '2005-01-22 05:21:18', 2015, 917, 0.018),
(59, '2005-01-22 05:21:53', 2015, 917, 0.018),
(60, '2005-01-22 05:23:32', 2015, 917, 0.018),
(61, '2005-01-22 05:24:21', 2015, 917, 0.018),
(62, '2005-01-22 05:26:11', 2015, 917, 0.018),
(63, '2005-01-22 05:26:48', 2015, 917, 0.018),
(64, '2005-01-22 05:38:56', 2015, 917, 0.018),
(65, '2005-01-22 05:38:56', 2233, 917, 0.1),
(66, '2005-01-22 05:38:56', 2243, 917, 0.05),
(67, '2005-01-22 05:39:06', 2015, 917, 0.018),
(68, '2005-01-22 05:39:06', 2233, 917, 0.1),
(69, '2005-01-22 05:39:06', 2243, 917, 0.05),
(70, '2005-01-22 05:43:36', 2015, 917, 0.018),
(71, '2005-01-22 05:43:36', 2240, 917, 0.005),
(72, '2005-01-22 05:43:36', 2233, 917, 0.103),
(73, '2005-01-22 05:43:36', 2243, 917, 0.05),
(74, '2005-01-22 05:43:50', 2015, 917, 0.018),
(75, '2005-01-22 05:43:50', 2240, 917, 0.005),
(76, '2005-01-22 05:43:50', 2233, 917, 0.2),
(77, '2005-01-22 05:43:50', 2243, 917, 0.05),
(78, '2005-01-22 06:00:03', 2243, 704, 0.4),
(79, '2005-01-22 06:17:12', 2240, 917, 0.005),
(80, '2005-01-22 06:17:12', 2015, 917, 0.018),
(81, '2005-01-22 06:17:12', 2233, 917, 2),
(82, '2005-01-22 06:17:12', 2243, 917, 0.05),
(83, '2005-01-22 06:24:17', 2240, 917, 0.005),
(84, '2005-01-22 06:24:17', 2015, 917, 0.018),
(85, '2005-01-22 06:24:17', 2233, 917, 0.5),
(86, '2005-01-22 06:24:17', 2243, 917, 0.05),
(87, '2005-01-22 06:24:34', 2240, 917, 0.005),
(88, '2005-01-22 06:24:34', 2015, 917, 0.018),
(89, '2005-01-22 06:24:34', 2233, 917, 0.4),
(90, '2005-01-22 06:24:34', 2243, 917, 0.05),
(91, '2005-01-22 06:24:47', 2240, 917, 0.005),
(92, '2005-01-22 06:24:47', 2015, 917, 0.018),
(93, '2005-01-22 06:24:47', 2233, 917, 0.3),
(94, '2005-01-22 06:24:47', 2243, 917, 0.05),
(95, '2005-01-22 06:25:00', 2240, 917, 0.005),
(96, '2005-01-22 06:25:00', 2015, 917, 0.018),
(97, '2005-01-22 06:25:00', 2233, 917, 0.334),
(98, '2005-01-22 06:25:00', 2243, 917, 0.05),
(99, '2005-01-22 17:05:26', 1997, 917, 0.002),
(100, '2005-01-22 17:05:26', 2240, 917, 0.005),
(101, '2005-01-22 17:05:26', 2015, 917, 0.018),
(102, '2005-01-22 17:05:26', 2233, 917, 0.334),
(103, '2005-01-22 17:05:26', 2243, 917, 0.05),
(104, '2005-01-22 17:08:02', 1920, 507, 0.1),
(105, '2005-01-22 17:10:08', 1920, 507, 0.1),
(106, '2005-01-22 17:10:08', 1921, 507, 0.2),
(107, '2005-01-22 17:49:34', 2015, 917, 0.018),
(108, '2005-01-22 17:49:34', 2053, 917, 0.2),
(109, '2005-01-22 17:50:28', 2015, 917, 0.018),
(110, '2005-01-22 17:50:28', 2053, 917, 1),
(111, '2005-01-22 18:01:43', 2015, 917, 0.018),
(112, '2005-01-22 18:01:43', 2053, 917, 1),
(113, '2005-01-22 18:01:43', 2233, 917, 0.5),
(114, '2005-01-23 01:28:31', 2174, 203, 0.002),
(115, '2005-01-23 03:40:35', 1920, 507, 1.5),
(116, '2005-01-23 03:40:35', 1921, 507, 0.2);

-- --------------------------------------------------------

--
-- Table structure for table `stock_movements`
--

DROP TABLE IF EXISTS `stock_movements`;
CREATE TABLE IF NOT EXISTS `stock_movements` (
  `id` bigint(20) NOT NULL auto_increment,
  `obj_id` bigint(20) NOT NULL default '0',
  `dish_id` bigint(20) NOT NULL default '0',
  `dish_quantity` float NOT NULL default '0',
  `quantity` float NOT NULL default '0',
  `unit_type` tinyint(4) NOT NULL default '0',
  `value` float NOT NULL default '0',
  `user` mediumint(9) NOT NULL default '0',
  `timestamp` timestamp NOT NULL default CURRENT_TIMESTAMP on update CURRENT_TIMESTAMP,
  PRIMARY KEY  (`id`),
  KEY `obj_id` (`obj_id`),
  KEY `dish_id` (`dish_id`)
) ENGINE=MyISAM  DEFAULT CHARSET=latin1 AUTO_INCREMENT=1585 ;

--
-- Dumping data for table `stock_movements`
--

INSERT INTO `stock_movements` (`id`, `obj_id`, `dish_id`, `dish_quantity`, `quantity`, `unit_type`, `value`, `user`, `timestamp`) VALUES
(290, 1920, 507, -1, 0, 0, 0, 1, '2005-01-17 03:26:02'),
(289, 1928, 507, -1, 0, 0, 0, 1, '2005-01-17 03:26:02'),
(287, 1920, 507, -1, 0, 0, 0, 1, '2005-01-17 03:17:59'),
(288, 1964, 507, -1, 0, 0, 0, 1, '2005-01-17 03:26:02'),
(286, 1928, 507, -1, 0, 0, 0, 1, '2005-01-17 03:17:58'),
(285, 1964, 507, -1, 0, 0, 0, 1, '2005-01-17 03:17:58'),
(284, 2072, 101, -1, 0, 0, 0, 1, '2005-01-17 03:17:55'),
(283, 2073, 101, -1, 0, 0, 0, 1, '2005-01-17 03:17:55'),
(282, 2067, 101, -1, 0, 0, 0, 1, '2005-01-17 03:17:55'),
(281, 2071, 101, -1, 0, 0, 0, 1, '2005-01-17 03:17:55'),
(280, 2070, 101, -1, 0, 0, 0, 1, '2005-01-17 03:17:55'),
(279, 1920, 507, -1, 0, 0, 0, 1, '2005-01-17 03:11:53'),
(278, 1928, 507, -1, 0, 0, 0, 1, '2005-01-17 03:11:53'),
(277, 1964, 507, -1, 0, 0, 0, 1, '2005-01-17 03:11:53'),
(276, 2185, 215, -1, 0, 0, 0, 1, '2005-01-17 03:11:32'),
(275, 2237, 215, -1, 0, 0, 0, 1, '2005-01-17 03:11:32'),
(274, 1920, 507, -1, 0, 0, 0, 1, '2005-01-17 03:08:22'),
(273, 1928, 507, -1, 0, 0, 0, 1, '2005-01-17 03:08:22'),
(272, 1964, 507, -1, 0, 0, 0, 1, '2005-01-17 03:08:22'),
(271, 1920, 507, -1, 0, 0, 0, 1, '2005-01-17 03:05:38'),
(270, 1928, 507, -1, 0, 0, 0, 1, '2005-01-17 03:05:38'),
(269, 1964, 507, -1, 0, 0, 0, 1, '2005-01-17 03:05:38'),
(268, 1920, 507, -1, 0, 0, 0, 1, '2005-01-17 03:05:13'),
(267, 1928, 507, -1, 0, 0, 0, 1, '2005-01-17 03:05:13'),
(266, 1964, 507, -1, 0, 0, 0, 1, '2005-01-17 03:05:13'),
(265, 1921, 511, -1, 0, 0, 0, 1, '2005-01-17 02:46:25'),
(264, 1917, 511, -1, 0, 0, 0, 1, '2005-01-17 02:46:25'),
(263, 1918, 511, -1, 0, 0, 0, 1, '2005-01-17 02:46:24'),
(262, 1920, 511, -1, 0, 0, 0, 1, '2005-01-17 02:46:24'),
(261, 1920, 507, -1, 0, 0, 0, 1, '2005-01-17 01:58:31'),
(260, 1928, 507, -1, 0, 0, 0, 1, '2005-01-17 01:58:31'),
(259, 1964, 507, -1, 0, 0, 0, 1, '2005-01-17 01:58:31'),
(258, 2185, 215, -1, 0, 0, 0, 1, '2005-01-17 01:36:51'),
(257, 2237, 215, -1, 0, 0, 0, 1, '2005-01-17 01:36:51'),
(256, 2185, 215, -1, 0, 0, 0, 1, '2005-01-17 01:32:51'),
(255, 2237, 215, -1, 0, 0, 0, 1, '2005-01-17 01:32:51'),
(254, 2185, 215, -1, 0, 0, 0, 1, '2005-01-17 01:32:50'),
(234, 2185, 215, 8, 0, 0, 0, 1, '2005-01-17 01:31:27'),
(235, 2237, 215, -8, 0, 0, 0, 1, '2005-01-17 01:31:27'),
(236, 2185, 215, -8, 0, 0, 0, 1, '2005-01-17 01:31:27'),
(229, 2237, 215, -10, 0, 0, 0, 1, '2005-01-17 01:29:24'),
(232, 2185, 215, 9, 0, 0, 0, 1, '2005-01-17 01:29:33'),
(248, 2185, 215, -1, 0, 0, 0, 1, '2005-01-17 01:32:44'),
(231, 2237, 215, 9, 0, 0, 0, 1, '2005-01-17 01:29:33'),
(230, 2185, 215, -10, 0, 0, 0, 1, '2005-01-17 01:29:24'),
(242, 2185, 215, 2, 0, 0, 0, 1, '2005-01-17 01:32:03'),
(240, 2185, 215, -1, 0, 0, 0, 1, '2005-01-17 01:31:43'),
(241, 2237, 215, 2, 0, 0, 0, 1, '2005-01-17 01:32:03'),
(249, 2237, 215, -1, 0, 0, 0, 1, '2005-01-17 01:32:45'),
(237, 2237, 215, -1, 0, 0, 0, 1, '2005-01-17 01:31:42'),
(238, 2185, 215, -1, 0, 0, 0, 1, '2005-01-17 01:31:42'),
(239, 2237, 215, -1, 0, 0, 0, 1, '2005-01-17 01:31:43'),
(253, 2237, 215, -1, 0, 0, 0, 1, '2005-01-17 01:32:50'),
(252, 2185, 215, -1, 0, 0, 0, 1, '2005-01-17 01:32:46'),
(251, 2237, 215, -1, 0, 0, 0, 1, '2005-01-17 01:32:46'),
(250, 2185, 215, -1, 0, 0, 0, 1, '2005-01-17 01:32:45'),
(233, 2237, 215, 8, 0, 0, 0, 1, '2005-01-17 01:31:27'),
(247, 2237, 215, -1, 0, 0, 0, 1, '2005-01-17 01:32:44'),
(246, 2055, 215, -2, 0, 0, 0, 1, '2005-01-17 01:32:03'),
(243, 2237, 215, -2, 0, 0, 0, 1, '2005-01-17 01:32:03'),
(244, 2185, 215, -2, 0, 0, 0, 1, '2005-01-17 01:32:03'),
(245, 2056, 215, -2, 0, 0, 0, 1, '2005-01-17 01:32:03'),
(291, 1964, 507, -1, 0, 0, 0, 1, '2005-01-17 03:31:30'),
(292, 1928, 507, -1, 0, 0, 0, 1, '2005-01-17 03:31:30'),
(293, 1920, 507, -1, 0, 0, 0, 1, '2005-01-17 03:31:30'),
(294, 1964, 507, -1, 0, 0, 0, 1, '2005-01-17 03:56:51'),
(295, 1928, 507, -1, 0, 0, 0, 1, '2005-01-17 03:56:51'),
(296, 1920, 507, -1, 0, 0, 0, 1, '2005-01-17 03:56:51'),
(297, 1964, 507, -1, 0, 0, 0, 1, '2005-01-17 03:56:53'),
(298, 1928, 507, -1, 0, 0, 0, 1, '2005-01-17 03:56:53'),
(299, 1920, 507, -1, 0, 0, 0, 1, '2005-01-17 03:56:53'),
(300, 1964, 507, -1, 0, 0, 0, 1, '2005-01-17 03:56:54'),
(301, 1928, 507, -1, 0, 0, 0, 1, '2005-01-17 03:56:54'),
(302, 1920, 507, -1, 0, 0, 0, 1, '2005-01-17 03:56:54'),
(303, 1964, 507, -1, 0, 0, 0, 1, '2005-01-17 03:56:56'),
(304, 1928, 507, -1, 0, 0, 0, 1, '2005-01-17 03:56:56'),
(305, 1920, 507, -1, 0, 0, 0, 1, '2005-01-17 03:56:56'),
(306, 1964, 0, 0, 1, 1, 6.5, 1, '2005-01-17 04:17:13'),
(307, 2237, 215, -1, 0, 0, 0, 1, '2005-01-17 14:26:41'),
(308, 2185, 215, -1, 0, 0, 0, 1, '2005-01-17 14:26:41'),
(309, 2070, 101, -1, 0, 0, 0, 1, '2005-01-17 14:27:23'),
(310, 2071, 101, -1, 0, 0, 0, 1, '2005-01-17 14:27:23'),
(311, 2067, 101, -1, 0, 0, 0, 1, '2005-01-17 14:27:23'),
(312, 2073, 101, -1, 0, 0, 0, 1, '2005-01-17 14:27:23'),
(313, 2072, 101, -1, 0, 0, 0, 1, '2005-01-17 14:27:23'),
(314, 2237, 215, -1, 0, 0, 0, 1, '2005-01-17 14:32:35'),
(315, 2185, 215, -1, 0, 0, 0, 1, '2005-01-17 14:32:35'),
(316, 2237, 215, -1, 0, 0, 0, 1, '2005-01-17 15:34:13'),
(317, 2185, 215, -1, 0, 0, 0, 1, '2005-01-17 15:34:13'),
(318, 1964, 507, -1, 0, 1, 0, 1, '2005-01-17 15:34:16'),
(319, 1928, 507, -1, 0, 0, 0, 1, '2005-01-17 15:34:16'),
(320, 1920, 507, -1, 0, 0, 0, 1, '2005-01-17 15:34:16'),
(321, 2237, 215, -5, 0, 0, 0, 1, '2005-01-17 15:34:22'),
(322, 2185, 215, -5, 0, 0, 0, 1, '2005-01-17 15:34:22'),
(323, 1964, 507, -8, 0, 1, 0, 1, '2005-01-17 15:34:31'),
(324, 1928, 507, -8, 0, 0, 0, 1, '2005-01-17 15:34:31'),
(325, 1920, 507, -8, 0, 0, 0, 1, '2005-01-17 15:34:31'),
(326, 2237, 215, -1, 0, 0, 0, 1, '2005-01-17 15:34:44'),
(327, 2185, 215, -1, 0, 0, 0, 1, '2005-01-17 15:34:44'),
(328, 1964, 507, -4, 0, 1, 0, 1, '2005-01-17 15:36:00'),
(329, 1928, 507, -4, 0, 0, 0, 1, '2005-01-17 15:36:00'),
(330, 1920, 507, -4, 0, 0, 0, 1, '2005-01-17 15:36:00'),
(331, 2070, 101, -6, 0, 0, 0, 1, '2005-01-17 15:36:05'),
(332, 2071, 101, -6, 0, 0, 0, 1, '2005-01-17 15:36:05'),
(333, 2067, 101, -6, 0, 0, 0, 1, '2005-01-17 15:36:05'),
(334, 2073, 101, -6, 0, 0, 0, 1, '2005-01-17 15:36:05'),
(335, 2072, 101, -6, 0, 0, 0, 1, '2005-01-17 15:36:05'),
(336, 1964, 507, -3, 0, 1, 0, 1, '2005-01-17 15:36:54'),
(337, 1928, 507, -3, 0, 0, 0, 1, '2005-01-17 15:36:54'),
(338, 1920, 507, -3, 0, 0, 0, 1, '2005-01-17 15:36:54'),
(339, 2237, 215, -1, 0, 0, 0, 1, '2005-01-17 15:38:26'),
(340, 2185, 215, -1, 0, 0, 0, 1, '2005-01-17 15:38:26'),
(341, 1935, 526, -1, 0, 0, 0, 1, '2005-01-18 03:56:02'),
(342, 1916, 526, -1, 0, 0, 0, 1, '2005-01-18 03:56:02'),
(343, 1920, 526, -1, 0, 0, 0, 1, '2005-01-18 03:56:02'),
(344, 1918, 526, -1, -0.25, 0, 0, 1, '2005-01-18 03:56:02'),
(345, 1935, 526, -1, 0, 0, 0, 1, '2005-01-18 03:56:07'),
(346, 1916, 526, -1, 0, 0, 0, 1, '2005-01-18 03:56:07'),
(347, 1920, 526, -1, 0, 0, 0, 1, '2005-01-18 03:56:07'),
(348, 1918, 526, -1, -0.25, 0, 0, 1, '2005-01-18 03:56:07'),
(349, 1935, 526, -1, 0, 0, 0, 1, '2005-01-18 03:56:08'),
(350, 1916, 526, -1, 0, 0, 0, 1, '2005-01-18 03:56:08'),
(351, 1920, 526, -1, 0, 0, 0, 1, '2005-01-18 03:56:08'),
(352, 1918, 526, -1, -0.25, 0, 0, 1, '2005-01-18 03:56:08'),
(397, 2115, 0, 0, 20, 1, 20, 1, '2005-01-22 04:07:22'),
(354, 1940, 514, -1, 0, 0, 0, 1, '2005-01-18 03:56:17'),
(355, 1935, 514, -1, 0, 0, 0, 1, '2005-01-18 03:56:17'),
(356, 1920, 514, -1, 0, 0, 0, 1, '2005-01-18 03:56:17'),
(357, 1921, 514, -1, 0, 0, 0, 1, '2005-01-18 03:56:17'),
(358, 1939, 513, -1, 0, 0, 0, 1, '2005-01-18 03:56:21'),
(359, 1920, 513, -1, 0, 0, 0, 1, '2005-01-18 03:56:21'),
(360, 1924, 513, -1, 0, 0, 0, 1, '2005-01-18 03:56:21'),
(361, 1921, 513, -1, 0, 0, 0, 1, '2005-01-18 03:56:21'),
(362, 1935, 516, -1, 0, 0, 0, 1, '2005-01-18 03:56:25'),
(363, 1920, 516, -1, 0, 0, 0, 1, '2005-01-18 03:56:25'),
(364, 1952, 516, -1, 0, 0, 0, 1, '2005-01-18 03:56:25'),
(365, 1917, 516, -1, 0, 0, 0, 1, '2005-01-18 03:56:25'),
(366, 1921, 516, -1, 0, 0, 0, 1, '2005-01-18 03:56:25'),
(367, 1935, 516, -1, 0, 0, 0, 1, '2005-01-18 03:56:27'),
(368, 1920, 516, -1, 0, 0, 0, 1, '2005-01-18 03:56:27'),
(369, 1952, 516, -1, 0, 0, 0, 1, '2005-01-18 03:56:27'),
(370, 1917, 516, -1, 0, 0, 0, 1, '2005-01-18 03:56:27'),
(371, 1921, 516, -1, 0, 0, 0, 1, '2005-01-18 03:56:27'),
(372, 1943, 515, -1, 0, 0, 0, 1, '2005-01-18 03:56:33'),
(373, 1920, 515, -1, 0, 0, 0, 1, '2005-01-18 03:56:33'),
(374, 1945, 515, -1, 0, 0, 0, 1, '2005-01-18 03:56:33'),
(375, 1921, 515, -1, 0, 0, 0, 1, '2005-01-18 03:56:33'),
(376, 1943, 515, -1, 0, 0, 0, 1, '2005-01-18 03:56:35'),
(377, 1920, 515, -1, 0, 0, 0, 1, '2005-01-18 03:56:35'),
(378, 1945, 515, -1, 0, 0, 0, 1, '2005-01-18 03:56:35'),
(379, 1921, 515, -1, 0, 0, 0, 1, '2005-01-18 03:56:35'),
(380, 1943, 515, -1, 0, 0, 0, 1, '2005-01-18 03:56:36'),
(381, 1920, 515, -1, 0, 0, 0, 1, '2005-01-18 03:56:36'),
(382, 1945, 515, -1, 0, 0, 0, 1, '2005-01-18 03:56:36'),
(383, 1921, 515, -1, 0, 0, 0, 1, '2005-01-18 03:56:36'),
(384, 1943, 515, -1, 0, 0, 0, 1, '2005-01-18 03:56:37'),
(385, 1920, 515, -1, 0, 0, 0, 1, '2005-01-18 03:56:37'),
(386, 1945, 515, -1, 0, 0, 0, 1, '2005-01-18 03:56:37'),
(387, 1921, 515, -1, 0, 0, 0, 1, '2005-01-18 03:56:37'),
(388, 2243, 0, 0, 30, 2, 90, 1, '2005-01-20 20:05:38'),
(389, 2243, 919, -1, -1, 2, -3, 1, '2005-01-20 20:11:13'),
(390, 2243, 919, -1, -1, 2, -3, 1, '2005-01-20 20:11:16'),
(391, 2243, 919, -1, -1, 2, -3, 1, '2005-01-20 20:12:54'),
(392, 2243, 919, -1, -1, 2, -3, 1, '2005-01-20 20:12:55'),
(393, 2243, 919, 1, 1, 2, 3, 1, '2005-01-20 20:12:56'),
(394, 2243, 919, 1, 1, 2, 3, 1, '2005-01-20 20:12:57'),
(395, 2243, 0, 0, -0.5, 2, 0, 1, '2005-01-20 20:15:38'),
(396, 2243, 0, 0, 0.5, 2, 0, 1, '2005-01-20 20:17:08'),
(398, 2015, 0, 0, 0.2, 1, 10, 1, '2005-01-22 04:56:55'),
(399, 2233, 0, 0, 10, 1, 10, 1, '2005-01-22 04:57:25'),
(400, 2240, 0, 0, 2, 1, 3, 1, '2005-01-22 05:30:37'),
(401, 2015, 0, 0, 1.5, 1, 2, 1, '2005-01-22 05:33:04'),
(402, 2243, 704, -1, -0.4, 2, -1.2, 1, '2005-01-22 06:03:58'),
(403, 2243, 704, -1, -0.4, 2, -1.2, 1, '2005-01-22 06:04:00'),
(404, 2243, 704, -1, -0.4, 2, -1.2, 1, '2005-01-22 06:04:01'),
(405, 2243, 704, -1, -0.4, 2, -1.2, 1, '2005-01-22 06:04:15'),
(406, 2243, 704, -1, -0.4, 2, -1.2, 1, '2005-01-22 06:04:30'),
(407, 2243, 704, -1, -0.4, 2, -1.2, 1, '2005-01-22 06:04:38'),
(408, 2243, 704, -1, -0.4, 2, -1.2, 1, '2005-01-22 06:04:45'),
(409, 2233, 0, 0, -15, 1, 0, 1, '2005-01-22 06:19:00'),
(410, 2233, 0, 0, 5, 1, 0, 1, '2005-01-22 06:21:49'),
(411, 2233, 0, 0, 0, 1, 0, 1, '2005-01-22 06:22:34'),
(412, 2233, 0, 0, 1, 1, 0.8, 1, '2005-01-22 06:23:44'),
(413, 1920, 0, 0, 10, 1, 20, 1, '2005-01-22 17:08:35'),
(414, 1921, 0, 0, 10, 1, 15, 1, '2005-01-22 17:10:31'),
(415, 2053, 0, 0, 10, 0, 30, 1, '2005-01-22 17:50:01'),
(416, 2174, 0, 0, 0.1, 1, 2.28, 1, '2005-01-23 01:30:17'),
(417, 2180, 210, -1, 0, 0, 0, 1, '2005-01-23 01:38:57'),
(418, 2180, 204, -1, 0, 0, 0, 1, '2005-01-23 01:39:02'),
(419, 2175, 204, -1, 0, 0, 0, 1, '2005-01-23 01:39:02'),
(420, 2182, 204, -1, 0, 0, 0, 1, '2005-01-23 01:39:02'),
(421, 2180, 204, -1, 0, 0, 0, 1, '2005-01-23 01:39:13'),
(422, 2175, 204, -1, 0, 0, 0, 1, '2005-01-23 01:39:13'),
(423, 2182, 204, -1, 0, 0, 0, 1, '2005-01-23 01:39:13'),
(424, 2180, 204, -1, 0, 0, 0, 1, '2005-01-23 01:39:15'),
(425, 2175, 204, -1, 0, 0, 0, 1, '2005-01-23 01:39:15'),
(426, 2182, 204, -1, 0, 0, 0, 1, '2005-01-23 01:39:15'),
(427, 2180, 204, -1, 0, 0, 0, 1, '2005-01-23 01:39:16'),
(428, 2175, 204, -1, 0, 0, 0, 1, '2005-01-23 01:39:16'),
(429, 2182, 204, -1, 0, 0, 0, 1, '2005-01-23 01:39:16'),
(430, 2180, 204, -1, 0, 0, 0, 1, '2005-01-23 01:39:17'),
(431, 2175, 204, -1, 0, 0, 0, 1, '2005-01-23 01:39:17'),
(432, 2182, 204, -1, 0, 0, 0, 1, '2005-01-23 01:39:17'),
(433, 2180, 204, -1, 0, 0, 0, 1, '2005-01-23 01:39:18'),
(434, 2175, 204, -1, 0, 0, 0, 1, '2005-01-23 01:39:18'),
(435, 2182, 204, -1, 0, 0, 0, 1, '2005-01-23 01:39:18'),
(436, 2180, 204, 1, 0, 0, 0, 1, '2005-01-23 01:39:20'),
(437, 2175, 204, 1, 0, 0, 0, 1, '2005-01-23 01:39:20'),
(438, 2182, 204, 1, 0, 0, 0, 1, '2005-01-23 01:39:20'),
(439, 2124, 121, -1, 0, 0, 0, 1, '2005-01-25 00:15:48'),
(440, 2104, 121, -1, 0, 0, 0, 1, '2005-01-25 00:15:49'),
(441, 2094, 121, -1, 0, 0, 0, 1, '2005-01-25 00:15:49'),
(442, 2105, 122, -1, 0, 0, 0, 1, '2005-01-25 00:15:55'),
(443, 2085, 122, -1, 0, 0, 0, 1, '2005-01-25 00:15:55'),
(444, 2107, 122, -1, 0, 0, 0, 1, '2005-01-25 00:15:55'),
(445, 2083, 122, -1, 0, 0, 0, 1, '2005-01-25 00:15:55'),
(446, 2106, 122, -1, 0, 0, 0, 1, '2005-01-25 00:15:55'),
(447, 2108, 122, -1, 0, 0, 0, 1, '2005-01-25 00:15:55'),
(448, 2127, 122, -1, 0, 0, 0, 1, '2005-01-25 00:15:55'),
(449, 2124, 121, -1, 0, 0, 0, 1, '2005-01-25 00:15:58'),
(450, 2104, 121, -1, 0, 0, 0, 1, '2005-01-25 00:15:58'),
(451, 2094, 121, -1, 0, 0, 0, 1, '2005-01-25 00:15:58'),
(452, 2105, 122, -1, 0, 0, 0, 1, '2005-01-25 00:16:00'),
(453, 2085, 122, -1, 0, 0, 0, 1, '2005-01-25 00:16:00'),
(454, 2107, 122, -1, 0, 0, 0, 1, '2005-01-25 00:16:00'),
(455, 2083, 122, -1, 0, 0, 0, 1, '2005-01-25 00:16:00'),
(456, 2106, 122, -1, 0, 0, 0, 1, '2005-01-25 00:16:00'),
(457, 2108, 122, -1, 0, 0, 0, 1, '2005-01-25 00:16:00'),
(458, 2127, 122, -1, 0, 0, 0, 1, '2005-01-25 00:16:00'),
(459, 2105, 122, -1, 0, 0, 0, 1, '2005-01-25 00:16:06'),
(460, 2085, 122, -1, 0, 0, 0, 1, '2005-01-25 00:16:06'),
(461, 2107, 122, -1, 0, 0, 0, 1, '2005-01-25 00:16:06'),
(462, 2083, 122, -1, 0, 0, 0, 1, '2005-01-25 00:16:06'),
(463, 2106, 122, -1, 0, 0, 0, 1, '2005-01-25 00:16:06'),
(464, 2108, 122, -1, 0, 0, 0, 1, '2005-01-25 00:16:06'),
(465, 2127, 122, -1, 0, 0, 0, 1, '2005-01-25 00:16:06'),
(466, 2105, 122, -1, 0, 0, 0, 1, '2005-01-25 00:16:09'),
(467, 2085, 122, -1, 0, 0, 0, 1, '2005-01-25 00:16:09'),
(468, 2107, 122, -1, 0, 0, 0, 1, '2005-01-25 00:16:09'),
(469, 2083, 122, -1, 0, 0, 0, 1, '2005-01-25 00:16:09'),
(470, 2106, 122, -1, 0, 0, 0, 1, '2005-01-25 00:16:09'),
(471, 2108, 122, -1, 0, 0, 0, 1, '2005-01-25 00:16:09'),
(472, 2127, 122, -1, 0, 0, 0, 1, '2005-01-25 00:16:09'),
(473, 2105, 122, -1, 0, 0, 0, 1, '2005-01-25 00:16:10'),
(474, 2085, 122, -1, 0, 0, 0, 1, '2005-01-25 00:16:10'),
(475, 2107, 122, -1, 0, 0, 0, 1, '2005-01-25 00:16:10'),
(476, 2083, 122, -1, 0, 0, 0, 1, '2005-01-25 00:16:10'),
(477, 2106, 122, -1, 0, 0, 0, 1, '2005-01-25 00:16:10'),
(478, 2108, 122, -1, 0, 0, 0, 1, '2005-01-25 00:16:10'),
(479, 2127, 122, -1, 0, 0, 0, 1, '2005-01-25 00:16:10'),
(480, 2125, 120, -1, 0, 0, 0, 1, '2005-01-25 00:16:15'),
(481, 2102, 120, -1, 0, 0, 0, 1, '2005-01-25 00:16:15'),
(482, 2103, 120, -1, 0, 0, 0, 1, '2005-01-25 00:16:15'),
(483, 2094, 120, -1, 0, 0, 0, 1, '2005-01-25 00:16:15'),
(484, 2070, 101, -1, 0, 0, 0, 1, '2005-01-25 00:16:19'),
(485, 2071, 101, -1, 0, 0, 0, 1, '2005-01-25 00:16:19'),
(486, 2067, 101, -1, 0, 0, 0, 1, '2005-01-25 00:16:19'),
(487, 2073, 101, -1, 0, 0, 0, 1, '2005-01-25 00:16:19'),
(488, 2072, 101, -1, 0, 0, 0, 1, '2005-01-25 00:16:19'),
(489, 2070, 101, -1, 0, 0, 0, 1, '2005-01-25 01:32:27'),
(490, 2071, 101, -1, 0, 0, 0, 1, '2005-01-25 01:32:28'),
(491, 2067, 101, -1, 0, 0, 0, 1, '2005-01-25 01:32:28'),
(492, 2073, 101, -1, 0, 0, 0, 1, '2005-01-25 01:32:28'),
(493, 2072, 101, -1, 0, 0, 0, 1, '2005-01-25 01:32:28'),
(494, 2015, 917, -4, -0.072, 1, -0.508235, 1, '2005-01-25 01:54:04'),
(495, 2053, 917, -4, -4, 0, -12, 1, '2005-01-25 01:54:04'),
(496, 2056, 917, -4, 0, 0, 0, 1, '2005-01-25 01:54:04'),
(497, 2043, 917, -4, 0, 0, 0, 1, '2005-01-25 01:54:04'),
(498, 2015, 917, -1, -0.018, 1, -0.127059, 1, '2005-01-25 01:58:08'),
(499, 2053, 917, -1, -1, 0, -3, 1, '2005-01-25 01:58:08'),
(500, 2056, 917, -1, 0, 0, 0, 1, '2005-01-25 01:58:08'),
(501, 2043, 917, -1, 0, 0, 0, 1, '2005-01-25 01:58:08'),
(502, 2015, 917, -1, -0.018, 1, -0.127059, 1, '2005-01-25 02:04:11'),
(503, 2053, 917, -1, -1, 0, -3, 1, '2005-01-25 02:04:11'),
(504, 2056, 917, -1, 0, 0, 0, 1, '2005-01-25 02:04:12'),
(505, 2043, 917, -1, 0, 0, 0, 1, '2005-01-25 02:04:12'),
(506, 2015, 917, -7, -0.126, 1, -0.889411, 1, '2005-01-25 02:04:38'),
(507, 2015, 917, 8, 0.144, 1, 1.01647, 1, '2005-01-25 02:04:39'),
(508, 2053, 917, 8, 8, 0, 24, 1, '2005-01-25 02:04:39'),
(509, 2056, 917, 8, 0, 0, 0, 1, '2005-01-25 02:04:39'),
(510, 2043, 917, 8, 0, 0, 0, 1, '2005-01-25 02:04:39'),
(511, 2015, 917, -1, -0.018, 1, -0.127059, 1, '2005-01-25 02:04:40'),
(512, 2053, 917, -1, -1, 0, -3, 1, '2005-01-25 02:04:40'),
(513, 2056, 917, -1, 0, 0, 0, 1, '2005-01-25 02:04:40'),
(514, 2043, 917, -1, 0, 0, 0, 1, '2005-01-25 02:04:40'),
(515, 2012, 12, -1, 0, 0, 0, 1, '2005-01-25 02:11:47'),
(516, 2001, 12, -1, 0, 0, 0, 1, '2005-01-25 02:11:47'),
(517, 2015, 917, -1, -0.018, 1, -0.127059, 1, '2005-01-25 02:12:29'),
(518, 2053, 917, -1, -1, 0, -3, 1, '2005-01-25 02:12:29'),
(519, 2056, 917, -1, 0, 0, 0, 1, '2005-01-25 02:12:29'),
(520, 2043, 917, -1, 0, 0, 0, 1, '2005-01-25 02:12:29'),
(521, 2109, 123, -1, 0, 0, 0, 1, '2005-01-25 02:14:13'),
(522, 2087, 123, -1, 0, 0, 0, 1, '2005-01-25 02:14:13'),
(523, 2084, 123, -1, 0, 0, 0, 1, '2005-01-25 02:14:13'),
(524, 2127, 123, -1, 0, 0, 0, 1, '2005-01-25 02:14:13'),
(525, 2110, 123, -1, 0, 0, 0, 1, '2005-01-25 02:14:13'),
(526, 2105, 122, -1, 0, 0, 0, 1, '2005-01-25 02:14:48'),
(527, 2085, 122, -1, 0, 0, 0, 1, '2005-01-25 02:14:48'),
(528, 2107, 122, -1, 0, 0, 0, 1, '2005-01-25 02:14:48'),
(529, 2083, 122, -1, 0, 0, 0, 1, '2005-01-25 02:14:48'),
(530, 2106, 122, -1, 0, 0, 0, 1, '2005-01-25 02:14:48'),
(531, 2108, 122, -1, 0, 0, 0, 1, '2005-01-25 02:14:48'),
(532, 2127, 122, -1, 0, 0, 0, 1, '2005-01-25 02:14:48'),
(533, 2109, 123, -1, 0, 0, 0, 1, '2005-01-25 02:21:24'),
(534, 2087, 123, -1, 0, 0, 0, 1, '2005-01-25 02:21:24'),
(535, 2084, 123, -1, 0, 0, 0, 1, '2005-01-25 02:21:24'),
(536, 2127, 123, -1, 0, 0, 0, 1, '2005-01-25 02:21:24'),
(537, 2110, 123, -1, 0, 0, 0, 1, '2005-01-25 02:21:24'),
(538, 2109, 123, -1, 0, 0, 0, 1, '2005-01-25 02:24:11'),
(539, 2087, 123, -1, 0, 0, 0, 1, '2005-01-25 02:24:11'),
(540, 2084, 123, -1, 0, 0, 0, 1, '2005-01-25 02:24:11'),
(541, 2127, 123, -1, 0, 0, 0, 1, '2005-01-25 02:24:11'),
(542, 2110, 123, -1, 0, 0, 0, 1, '2005-01-25 02:24:11'),
(543, 1987, 401, -1, 0, 0, 0, 1, '2005-01-25 02:41:36'),
(544, 2154, 401, -1, 0, 0, 0, 1, '2005-01-25 02:41:36'),
(545, 1985, 401, -1, 0, 0, 0, 1, '2005-01-25 02:41:36'),
(546, 1987, 916, -1, 0, 0, 0, 1, '2005-01-25 02:42:15'),
(547, 2154, 916, -1, 0, 0, 0, 1, '2005-01-25 02:42:15'),
(548, 1985, 916, -1, 0, 0, 0, 1, '2005-01-25 02:42:15'),
(549, 2090, 111, -1, 0, 0, 0, 1, '2005-01-25 02:42:23'),
(550, 2092, 111, -1, 0, 0, 0, 1, '2005-01-25 02:42:23'),
(551, 2126, 111, -1, 0, 0, 0, 1, '2005-01-25 02:42:23'),
(552, 2080, 111, -1, 0, 0, 0, 1, '2005-01-25 02:42:23'),
(553, 2093, 111, -1, 0, 0, 0, 1, '2005-01-25 02:42:23'),
(554, 2091, 111, -1, 0, 0, 0, 1, '2005-01-25 02:42:23'),
(555, 1987, 916, -3, 0, 0, 0, 1, '2005-01-25 02:42:29'),
(556, 2154, 916, -3, 0, 0, 0, 1, '2005-01-25 02:42:29'),
(557, 1985, 916, -3, 0, 0, 0, 1, '2005-01-25 02:42:29'),
(558, 2116, 105, -1, 0, 0, 0, 1, '2005-01-25 02:44:52'),
(559, 2043, 20, -1, 0, 0, 0, 1, '2005-01-25 02:45:10'),
(560, 2041, 20, -1, 0, 0, 0, 1, '2005-01-25 02:45:10'),
(561, 2009, 20, -1, 0, 0, 0, 1, '2005-01-25 02:45:10'),
(562, 2046, 20, -1, 0, 0, 0, 1, '2005-01-25 02:45:10'),
(563, 2042, 20, -1, 0, 0, 0, 1, '2005-01-25 02:45:10'),
(564, 2044, 20, -1, 0, 0, 0, 1, '2005-01-25 02:45:10'),
(565, 2045, 20, -1, 0, 0, 0, 1, '2005-01-25 02:45:10'),
(566, 2043, 20, 1, 0, 0, 0, 1, '2005-01-25 02:45:18'),
(567, 2041, 20, 1, 0, 0, 0, 1, '2005-01-25 02:45:18'),
(568, 2009, 20, 1, 0, 0, 0, 1, '2005-01-25 02:45:18'),
(569, 2046, 20, 1, 0, 0, 0, 1, '2005-01-25 02:45:18'),
(570, 2042, 20, 1, 0, 0, 0, 1, '2005-01-25 02:45:18'),
(571, 2044, 20, 1, 0, 0, 0, 1, '2005-01-25 02:45:18'),
(572, 2045, 20, 1, 0, 0, 0, 1, '2005-01-25 02:45:18'),
(573, 1987, 401, -1, 0, 0, 0, 1, '2005-01-25 02:45:25'),
(574, 2154, 401, -1, 0, 0, 0, 1, '2005-01-25 02:45:25'),
(575, 1985, 401, -1, 0, 0, 0, 1, '2005-01-25 02:45:25'),
(576, 1987, 401, -1, 0, 0, 0, 1, '2005-01-25 02:46:20'),
(577, 2154, 401, -1, 0, 0, 0, 1, '2005-01-25 02:46:20'),
(578, 1985, 401, -1, 0, 0, 0, 1, '2005-01-25 02:46:20'),
(579, 1987, 401, -1, 0, 0, 0, 1, '2005-01-25 02:46:46'),
(580, 2154, 401, -1, 0, 0, 0, 1, '2005-01-25 02:46:46'),
(581, 1985, 401, -1, 0, 0, 0, 1, '2005-01-25 02:46:46'),
(582, 1987, 401, -1, 0, 0, 0, 1, '2005-01-25 02:46:47'),
(583, 2154, 401, -1, 0, 0, 0, 1, '2005-01-25 02:46:47'),
(584, 1985, 401, -1, 0, 0, 0, 1, '2005-01-25 02:46:47'),
(585, 1987, 401, -1, 0, 0, 0, 1, '2005-01-25 02:46:48'),
(586, 2154, 401, -1, 0, 0, 0, 1, '2005-01-25 02:46:48'),
(587, 1985, 401, -1, 0, 0, 0, 1, '2005-01-25 02:46:48'),
(588, 2084, 124, -4, 0, 0, 0, 1, '2005-01-25 03:05:29'),
(589, 2111, 124, -4, 0, 0, 0, 1, '2005-01-25 03:05:29'),
(590, 2126, 124, -4, 0, 0, 0, 1, '2005-01-25 03:05:29'),
(591, 2112, 124, -4, 0, 0, 0, 1, '2005-01-25 03:05:29'),
(592, 2094, 124, -4, 0, 0, 0, 1, '2005-01-25 03:05:29'),
(593, 2084, 124, -1, 0, 0, 0, 1, '2005-01-25 20:46:30'),
(594, 2111, 124, -1, 0, 0, 0, 1, '2005-01-25 20:46:30'),
(595, 2126, 124, -1, 0, 0, 0, 1, '2005-01-25 20:46:30'),
(596, 2112, 124, -1, 0, 0, 0, 1, '2005-01-25 20:46:30'),
(597, 2094, 124, -1, 0, 0, 0, 1, '2005-01-25 20:46:30'),
(598, 2084, 124, -1, 0, 0, 0, 1, '2005-01-25 20:47:02'),
(599, 2111, 124, -1, 0, 0, 0, 1, '2005-01-25 20:47:02'),
(600, 2126, 124, -1, 0, 0, 0, 1, '2005-01-25 20:47:02'),
(601, 2112, 124, -1, 0, 0, 0, 1, '2005-01-25 20:47:03'),
(602, 2094, 124, -1, 0, 0, 0, 1, '2005-01-25 20:47:03'),
(603, 2135, 302, -1, 0, 0, 0, 1, '2005-01-25 21:10:29'),
(604, 2136, 302, -1, 0, 0, 0, 1, '2005-01-25 21:10:29'),
(605, 2141, 302, -1, 0, 0, 0, 1, '2005-01-25 21:10:29'),
(606, 2137, 302, -1, 0, 0, 0, 1, '2005-01-25 21:10:29'),
(607, 2134, 302, -1, 0, 0, 0, 1, '2005-01-25 21:10:29'),
(608, 2139, 302, -1, 0, 0, 0, 1, '2005-01-25 21:10:30'),
(609, 2142, 302, -1, 0, 0, 0, 1, '2005-01-25 21:10:30'),
(610, 2138, 302, -1, 0, 0, 0, 1, '2005-01-25 21:10:30'),
(611, 2140, 302, -1, 0, 0, 0, 1, '2005-01-25 21:10:30'),
(612, 2135, 302, -1, 0, 0, 0, 1, '2005-01-25 21:10:39'),
(613, 2136, 302, -1, 0, 0, 0, 1, '2005-01-25 21:10:39'),
(614, 2141, 302, -1, 0, 0, 0, 1, '2005-01-25 21:10:39'),
(615, 2137, 302, -1, 0, 0, 0, 1, '2005-01-25 21:10:39'),
(616, 2134, 302, -1, 0, 0, 0, 1, '2005-01-25 21:10:40'),
(617, 2139, 302, -1, 0, 0, 0, 1, '2005-01-25 21:10:40'),
(618, 2142, 302, -1, 0, 0, 0, 1, '2005-01-25 21:10:40'),
(619, 2138, 302, -1, 0, 0, 0, 1, '2005-01-25 21:10:40'),
(620, 2140, 302, -1, 0, 0, 0, 1, '2005-01-25 21:10:40'),
(621, 2241, 217, -1, 0, 0, 0, 1, '2005-01-27 16:17:53'),
(622, 2187, 217, -1, -0.139, 1, -0.196381, 1, '2005-01-27 16:17:53'),
(623, 1935, 526, -1, 0, 0, 0, 1, '2005-01-29 11:14:19'),
(624, 1916, 526, -1, 0, 0, 0, 1, '2005-01-29 11:14:19'),
(625, 1920, 526, -1, 0, 1, 0, 1, '2005-01-29 11:14:20'),
(626, 1918, 526, -1, -0.25, 0, 0, 1, '2005-01-29 11:14:20'),
(627, 1935, 526, -1, 0, 0, 0, 1, '2005-01-29 11:32:40'),
(628, 1916, 526, -1, 0, 0, 0, 1, '2005-01-29 11:32:41'),
(629, 1920, 526, -1, 0, 1, 0, 1, '2005-01-29 11:32:41'),
(630, 1918, 526, -1, -0.25, 0, 0, 1, '2005-01-29 11:32:41'),
(631, 1939, 513, -1, 0, 0, 0, 1, '2005-01-29 11:32:53'),
(632, 1920, 513, -1, 0, 1, 0, 1, '2005-01-29 11:32:53'),
(633, 1924, 513, -1, 0, 0, 0, 1, '2005-01-29 11:32:54'),
(634, 1921, 513, -1, 0, 1, 0, 1, '2005-01-29 11:32:54'),
(635, 1943, 515, -1, 0, 0, 0, 1, '2005-01-29 11:33:00'),
(636, 1920, 515, -1, 0, 1, 0, 1, '2005-01-29 11:33:00'),
(637, 1945, 515, -1, 0, 0, 0, 1, '2005-01-29 11:33:00'),
(638, 1921, 515, -1, 0, 1, 0, 1, '2005-01-29 11:33:00'),
(639, 1943, 515, -1, 0, 0, 0, 1, '2005-01-29 11:35:06'),
(640, 1920, 515, -1, 0, 1, 0, 1, '2005-01-29 11:35:06'),
(641, 1945, 515, -1, 0, 0, 0, 1, '2005-01-29 11:35:06'),
(642, 1921, 515, -1, 0, 1, 0, 1, '2005-01-29 11:35:07'),
(643, 1943, 515, -1, 0, 0, 0, 1, '2005-01-29 11:43:09'),
(644, 1920, 515, -1, 0, 1, 0, 1, '2005-01-29 11:43:10'),
(645, 1945, 515, -1, 0, 0, 0, 1, '2005-01-29 11:43:10'),
(646, 1921, 515, -1, 0, 1, 0, 1, '2005-01-29 11:43:10'),
(647, 1943, 515, -1, 0, 0, 0, 1, '2005-01-29 11:43:26'),
(648, 1920, 515, -1, 0, 1, 0, 1, '2005-01-29 11:43:26'),
(649, 1945, 515, -1, 0, 0, 0, 1, '2005-01-29 11:43:26'),
(650, 1921, 515, -1, 0, 1, 0, 1, '2005-01-29 11:43:26'),
(651, 1943, 515, -1, 0, 0, 0, 1, '2005-01-29 11:43:31'),
(652, 1920, 515, -1, 0, 1, 0, 1, '2005-01-29 11:43:31'),
(653, 1945, 515, -1, 0, 0, 0, 1, '2005-01-29 11:43:31'),
(654, 1921, 515, -1, 0, 1, 0, 1, '2005-01-29 11:43:32'),
(655, 1943, 515, -1, 0, 0, 0, 1, '2005-01-29 11:50:20'),
(656, 1920, 515, -1, 0, 1, 0, 1, '2005-01-29 11:50:21'),
(657, 1945, 515, -1, 0, 0, 0, 1, '2005-01-29 11:50:21'),
(658, 1921, 515, -1, 0, 1, 0, 1, '2005-01-29 11:50:21'),
(659, 1943, 515, -1, 0, 0, 0, 1, '2005-01-29 11:53:57'),
(660, 1920, 515, -1, 0, 1, 0, 1, '2005-01-29 11:53:57'),
(661, 1945, 515, -1, 0, 0, 0, 1, '2005-01-29 11:53:57'),
(662, 1921, 515, -1, 0, 1, 0, 1, '2005-01-29 11:53:57'),
(663, 1943, 515, -1, 0, 0, 0, 1, '2005-01-29 11:54:33'),
(664, 1920, 515, -1, 0, 1, 0, 1, '2005-01-29 11:54:33'),
(665, 1945, 515, -1, 0, 0, 0, 1, '2005-01-29 11:54:33'),
(666, 1921, 515, -1, 0, 1, 0, 1, '2005-01-29 11:54:33'),
(667, 1943, 515, -1, 0, 0, 0, 1, '2005-01-29 11:55:27'),
(668, 1920, 515, -1, 0, 1, 0, 1, '2005-01-29 11:55:27'),
(669, 1945, 515, -1, 0, 0, 0, 1, '2005-01-29 11:55:28'),
(670, 1921, 515, -1, 0, 1, 0, 1, '2005-01-29 11:55:28'),
(671, 1943, 515, -1, 0, 0, 0, 1, '2005-01-29 11:59:20'),
(672, 1920, 515, -1, 0, 1, 0, 1, '2005-01-29 11:59:21'),
(673, 1945, 515, -1, 0, 0, 0, 1, '2005-01-29 11:59:21'),
(674, 1921, 515, -1, 0, 1, 0, 1, '2005-01-29 11:59:21'),
(675, 1943, 515, -1, 0, 0, 0, 1, '2005-01-29 12:00:05'),
(676, 1920, 515, -1, 0, 1, 0, 1, '2005-01-29 12:00:05'),
(677, 1945, 515, -1, 0, 0, 0, 1, '2005-01-29 12:00:06'),
(678, 1921, 515, -1, 0, 1, 0, 1, '2005-01-29 12:00:06'),
(679, 1943, 515, 1, 0, 0, 0, 1, '2005-01-29 12:00:11'),
(680, 1920, 515, 1, 0, 1, 0, 1, '2005-01-29 12:00:11'),
(681, 1945, 515, 1, 0, 0, 0, 1, '2005-01-29 12:00:11'),
(682, 1921, 515, 1, 0, 1, 0, 1, '2005-01-29 12:00:11'),
(683, 1943, 515, -1, 0, 0, 0, 1, '2005-01-29 12:00:30'),
(684, 1920, 515, -1, 0, 1, 0, 1, '2005-01-29 12:00:30'),
(685, 1945, 515, -1, 0, 0, 0, 1, '2005-01-29 12:00:30'),
(686, 1921, 515, -1, 0, 1, 0, 1, '2005-01-29 12:00:31'),
(687, 1920, 906, -1, 0, 1, 0, 1, '2005-01-29 12:49:31'),
(688, 1918, 906, -1, 0, 0, 0, 1, '2005-01-29 12:49:31'),
(689, 1917, 906, -1, 0, 0, 0, 1, '2005-01-29 12:49:31'),
(690, 1919, 906, -1, 0, 0, 0, 1, '2005-01-29 12:49:32'),
(691, 1921, 906, -1, 0, 1, 0, 1, '2005-01-29 12:49:32'),
(692, 1920, 906, -1, 0, 1, 0, 1, '2005-01-29 12:54:08'),
(693, 1918, 906, -1, 0, 0, 0, 1, '2005-01-29 12:54:09'),
(694, 1917, 906, -1, 0, 0, 0, 1, '2005-01-29 12:54:09'),
(695, 1919, 906, -1, 0, 0, 0, 1, '2005-01-29 12:54:09'),
(696, 1921, 906, -1, 0, 1, 0, 1, '2005-01-29 12:54:09'),
(697, 1920, 906, -1, 0, 1, 0, 1, '2005-01-29 12:54:48'),
(698, 1918, 906, -1, 0, 0, 0, 1, '2005-01-29 12:54:48'),
(699, 1917, 906, -1, 0, 0, 0, 1, '2005-01-29 12:54:48'),
(700, 1919, 906, -1, 0, 0, 0, 1, '2005-01-29 12:54:48'),
(701, 1921, 906, -1, 0, 1, 0, 1, '2005-01-29 12:54:48'),
(702, 1920, 906, -1, 0, 1, 0, 1, '2005-01-29 12:55:27'),
(703, 1918, 906, -1, 0, 0, 0, 1, '2005-01-29 12:55:27'),
(704, 1917, 906, -1, 0, 0, 0, 1, '2005-01-29 12:55:27'),
(705, 1919, 906, -1, 0, 0, 0, 1, '2005-01-29 12:55:28'),
(706, 1921, 906, -1, 0, 1, 0, 1, '2005-01-29 12:55:28'),
(707, 1920, 906, -1, 0, 1, 0, 1, '2005-01-29 12:59:37'),
(708, 1918, 906, -1, 0, 0, 0, 1, '2005-01-29 12:59:38'),
(709, 1917, 906, -1, 0, 0, 0, 1, '2005-01-29 12:59:38'),
(710, 1919, 906, -1, 0, 0, 0, 1, '2005-01-29 12:59:38'),
(711, 1921, 906, -1, 0, 1, 0, 1, '2005-01-29 12:59:38'),
(712, 1920, 906, -1, 0, 1, 0, 1, '2005-01-29 13:01:10'),
(713, 1918, 906, -1, 0, 0, 0, 1, '2005-01-29 13:01:10'),
(714, 1917, 906, -1, 0, 0, 0, 1, '2005-01-29 13:01:10'),
(715, 1919, 906, -1, 0, 0, 0, 1, '2005-01-29 13:01:10'),
(716, 1921, 906, -1, 0, 1, 0, 1, '2005-01-29 13:01:11'),
(717, 1920, 906, -1, 0, 1, 0, 1, '2005-01-29 13:02:12'),
(718, 1918, 906, -1, 0, 0, 0, 1, '2005-01-29 13:02:12'),
(719, 1917, 906, -1, 0, 0, 0, 1, '2005-01-29 13:02:12'),
(720, 1919, 906, -1, 0, 0, 0, 1, '2005-01-29 13:02:13'),
(721, 1921, 906, -1, 0, 1, 0, 1, '2005-01-29 13:02:13'),
(722, 1920, 906, -1, 0, 1, 0, 1, '2005-01-29 13:04:44'),
(723, 1918, 906, -1, 0, 0, 0, 1, '2005-01-29 13:04:44'),
(724, 1917, 906, -1, 0, 0, 0, 1, '2005-01-29 13:04:45'),
(725, 1919, 906, -1, 0, 0, 0, 1, '2005-01-29 13:04:45'),
(726, 1921, 906, -1, 0, 1, 0, 1, '2005-01-29 13:04:45'),
(727, 1920, 906, -1, 0, 1, 0, 1, '2005-01-29 13:05:57'),
(728, 1918, 906, -1, 0, 0, 0, 1, '2005-01-29 13:05:57'),
(729, 1917, 906, -1, 0, 0, 0, 1, '2005-01-29 13:05:57'),
(730, 1919, 906, -1, 0, 0, 0, 1, '2005-01-29 13:05:57'),
(731, 1921, 906, -1, 0, 1, 0, 1, '2005-01-29 13:05:57'),
(732, 1920, 906, -1, 0, 1, 0, 1, '2005-01-29 13:06:06'),
(733, 1918, 906, -1, 0, 0, 0, 1, '2005-01-29 13:06:06'),
(734, 1917, 906, -1, 0, 0, 0, 1, '2005-01-29 13:06:06'),
(735, 1919, 906, -1, 0, 0, 0, 1, '2005-01-29 13:06:06'),
(736, 1921, 906, -1, 0, 1, 0, 1, '2005-01-29 13:06:07'),
(737, 1920, 906, -1, 0, 1, 0, 1, '2005-01-29 13:07:01'),
(738, 1918, 906, -1, 0, 0, 0, 1, '2005-01-29 13:07:01'),
(739, 1917, 906, -1, 0, 0, 0, 1, '2005-01-29 13:07:01'),
(740, 1919, 906, -1, 0, 0, 0, 1, '2005-01-29 13:07:02'),
(741, 1921, 906, -1, 0, 1, 0, 1, '2005-01-29 13:07:02'),
(742, 1920, 906, -1, 0, 1, 0, 1, '2005-01-29 13:08:41'),
(743, 1918, 906, -1, 0, 0, 0, 1, '2005-01-29 13:08:42'),
(744, 1917, 906, -1, 0, 0, 0, 1, '2005-01-29 13:08:42'),
(745, 1919, 906, -1, 0, 0, 0, 1, '2005-01-29 13:08:42'),
(746, 1921, 906, -1, 0, 1, 0, 1, '2005-01-29 13:08:43'),
(747, 1920, 906, -1, 0, 1, 0, 1, '2005-01-29 13:10:13'),
(748, 1918, 906, -1, 0, 0, 0, 1, '2005-01-29 13:10:13'),
(749, 1917, 906, -1, 0, 0, 0, 1, '2005-01-29 13:10:14'),
(750, 1919, 906, -1, 0, 0, 0, 1, '2005-01-29 13:10:14'),
(751, 1921, 906, -1, 0, 1, 0, 1, '2005-01-29 13:10:14'),
(752, 1920, 906, -1, 0, 1, 0, 1, '2005-01-29 14:21:06'),
(753, 1918, 906, -1, 0, 0, 0, 1, '2005-01-29 14:21:07'),
(754, 1917, 906, -1, 0, 0, 0, 1, '2005-01-29 14:21:07'),
(755, 1919, 906, -1, 0, 0, 0, 1, '2005-01-29 14:21:07'),
(756, 1921, 906, -1, 0, 1, 0, 1, '2005-01-29 14:21:07'),
(757, 1920, 906, -1, 0, 1, 0, 1, '2005-01-29 14:21:09'),
(758, 1918, 906, -1, 0, 0, 0, 1, '2005-01-29 14:21:09'),
(759, 1917, 906, -1, 0, 0, 0, 1, '2005-01-29 14:21:10'),
(760, 1919, 906, -1, 0, 0, 0, 1, '2005-01-29 14:21:10'),
(761, 1921, 906, -1, 0, 1, 0, 1, '2005-01-29 14:21:10'),
(762, 1920, 906, -1, 0, 1, 0, 1, '2005-01-29 14:21:11'),
(763, 1918, 906, -1, 0, 0, 0, 1, '2005-01-29 14:21:11'),
(764, 1917, 906, -1, 0, 0, 0, 1, '2005-01-29 14:21:11'),
(765, 1919, 906, -1, 0, 0, 0, 1, '2005-01-29 14:21:11'),
(766, 1921, 906, -1, 0, 1, 0, 1, '2005-01-29 14:21:11'),
(767, 1920, 906, -1, 0, 1, 0, 1, '2005-01-29 14:23:58'),
(768, 1918, 906, -1, 0, 0, 0, 1, '2005-01-29 14:23:58'),
(769, 1917, 906, -1, 0, 0, 0, 1, '2005-01-29 14:23:58'),
(770, 1919, 906, -1, 0, 0, 0, 1, '2005-01-29 14:23:58'),
(771, 1921, 906, -1, 0, 1, 0, 1, '2005-01-29 14:23:58'),
(772, 1920, 906, -1, 0, 1, 0, 1, '2005-01-29 14:24:09'),
(773, 1918, 906, -1, 0, 0, 0, 1, '2005-01-29 14:24:09'),
(774, 1917, 906, -1, 0, 0, 0, 1, '2005-01-29 14:24:09'),
(775, 1919, 906, -1, 0, 0, 0, 1, '2005-01-29 14:24:09'),
(776, 1921, 906, -1, 0, 1, 0, 1, '2005-01-29 14:24:09'),
(777, 1920, 906, -1, 0, 1, 0, 1, '2005-01-29 14:24:12'),
(778, 1918, 906, -1, 0, 0, 0, 1, '2005-01-29 14:24:12'),
(779, 1917, 906, -1, 0, 0, 0, 1, '2005-01-29 14:24:12'),
(780, 1919, 906, -1, 0, 0, 0, 1, '2005-01-29 14:24:12'),
(781, 1921, 906, -1, 0, 1, 0, 1, '2005-01-29 14:24:12'),
(782, 1920, 906, -1, 0, 1, 0, 1, '2005-01-29 14:31:56'),
(783, 1918, 906, -1, 0, 0, 0, 1, '2005-01-29 14:31:56'),
(784, 1917, 906, -1, 0, 0, 0, 1, '2005-01-29 14:31:56'),
(785, 1919, 906, -1, 0, 0, 0, 1, '2005-01-29 14:31:56'),
(786, 1921, 906, -1, 0, 1, 0, 1, '2005-01-29 14:31:56'),
(787, 1920, 906, -1, 0, 1, 0, 1, '2005-01-29 14:32:03'),
(788, 1918, 906, -1, 0, 0, 0, 1, '2005-01-29 14:32:03'),
(789, 1917, 906, -1, 0, 0, 0, 1, '2005-01-29 14:32:03'),
(790, 1919, 906, -1, 0, 0, 0, 1, '2005-01-29 14:32:03'),
(791, 1921, 906, -1, 0, 1, 0, 1, '2005-01-29 14:32:03'),
(792, 1920, 906, -1, 0, 1, 0, 1, '2005-01-29 14:32:22'),
(793, 1918, 906, -1, 0, 0, 0, 1, '2005-01-29 14:32:22'),
(794, 1917, 906, -1, 0, 0, 0, 1, '2005-01-29 14:32:22'),
(795, 1919, 906, -1, 0, 0, 0, 1, '2005-01-29 14:32:22'),
(796, 1921, 906, -1, 0, 1, 0, 1, '2005-01-29 14:32:22'),
(797, 1920, 906, -1, 0, 1, 0, 1, '2005-01-29 14:32:24'),
(798, 1918, 906, -1, 0, 0, 0, 1, '2005-01-29 14:32:24'),
(799, 1917, 906, -1, 0, 0, 0, 1, '2005-01-29 14:32:24'),
(800, 1919, 906, -1, 0, 0, 0, 1, '2005-01-29 14:32:24'),
(801, 1921, 906, -1, 0, 1, 0, 1, '2005-01-29 14:32:24'),
(802, 1920, 906, -1, 0, 1, 0, 1, '2005-01-29 14:32:26'),
(803, 1918, 906, -1, 0, 0, 0, 1, '2005-01-29 14:32:26'),
(804, 1917, 906, -1, 0, 0, 0, 1, '2005-01-29 14:32:26'),
(805, 1919, 906, -1, 0, 0, 0, 1, '2005-01-29 14:32:26'),
(806, 1921, 906, -1, 0, 1, 0, 1, '2005-01-29 14:32:26'),
(807, 1920, 906, -1, 0, 1, 0, 1, '2005-01-29 14:32:27'),
(808, 1918, 906, -1, 0, 0, 0, 1, '2005-01-29 14:32:27'),
(809, 1917, 906, -1, 0, 0, 0, 1, '2005-01-29 14:32:28'),
(810, 1919, 906, -1, 0, 0, 0, 1, '2005-01-29 14:32:28'),
(811, 1921, 906, -1, 0, 1, 0, 1, '2005-01-29 14:32:28'),
(812, 1920, 906, -1, 0, 1, 0, 1, '2005-01-29 14:50:32'),
(813, 1918, 906, -1, 0, 0, 0, 1, '2005-01-29 14:50:32'),
(814, 1917, 906, -1, 0, 0, 0, 1, '2005-01-29 14:50:32'),
(815, 1919, 906, -1, 0, 0, 0, 1, '2005-01-29 14:50:32'),
(816, 1921, 906, -1, 0, 1, 0, 1, '2005-01-29 14:50:32'),
(817, 1920, 906, -1, 0, 1, 0, 1, '2005-01-29 14:54:04'),
(818, 1918, 906, -1, 0, 0, 0, 1, '2005-01-29 14:54:04'),
(819, 1917, 906, -1, 0, 0, 0, 1, '2005-01-29 14:54:04'),
(820, 1919, 906, -1, 0, 0, 0, 1, '2005-01-29 14:54:04'),
(821, 1921, 906, -1, 0, 1, 0, 1, '2005-01-29 14:54:04'),
(822, 1920, 906, -1, 0, 1, 0, 1, '2005-01-29 14:54:15'),
(823, 1918, 906, -1, 0, 0, 0, 1, '2005-01-29 14:54:15'),
(824, 1917, 906, -1, 0, 0, 0, 1, '2005-01-29 14:54:15'),
(825, 1919, 906, -1, 0, 0, 0, 1, '2005-01-29 14:54:16'),
(826, 1921, 906, -1, 0, 1, 0, 1, '2005-01-29 14:54:16'),
(827, 1920, 906, -1, 0, 1, 0, 1, '2005-01-29 15:00:12'),
(828, 1918, 906, -1, 0, 0, 0, 1, '2005-01-29 15:00:12'),
(829, 1917, 906, -1, 0, 0, 0, 1, '2005-01-29 15:00:12'),
(830, 1919, 906, -1, 0, 0, 0, 1, '2005-01-29 15:00:12'),
(831, 1921, 906, -1, 0, 1, 0, 1, '2005-01-29 15:00:13'),
(832, 1920, 906, -1, 0, 1, 0, 1, '2005-01-29 15:05:15'),
(833, 1918, 906, -1, 0, 0, 0, 1, '2005-01-29 15:05:15'),
(834, 1917, 906, -1, 0, 0, 0, 1, '2005-01-29 15:05:15'),
(835, 1919, 906, -1, 0, 0, 0, 1, '2005-01-29 15:05:15'),
(836, 1921, 906, -1, 0, 1, 0, 1, '2005-01-29 15:05:15'),
(837, 1920, 906, -1, 0, 1, 0, 1, '2005-01-29 15:05:18'),
(838, 1918, 906, -1, 0, 0, 0, 1, '2005-01-29 15:05:18'),
(839, 1917, 906, -1, 0, 0, 0, 1, '2005-01-29 15:05:18'),
(840, 1919, 906, -1, 0, 0, 0, 1, '2005-01-29 15:05:18'),
(841, 1921, 906, -1, 0, 1, 0, 1, '2005-01-29 15:05:18'),
(842, 1920, 906, -1, 0, 1, 0, 1, '2005-01-29 15:48:44'),
(843, 1918, 906, -1, 0, 0, 0, 1, '2005-01-29 15:48:45'),
(844, 1917, 906, -1, 0, 0, 0, 1, '2005-01-29 15:48:45'),
(845, 1919, 906, -1, 0, 0, 0, 1, '2005-01-29 15:48:45'),
(846, 1921, 906, -1, 0, 1, 0, 1, '2005-01-29 15:48:45'),
(847, 1920, 906, -1, 0, 1, 0, 1, '2005-01-29 15:48:49'),
(848, 1918, 906, -1, 0, 0, 0, 1, '2005-01-29 15:48:49'),
(849, 1917, 906, -1, 0, 0, 0, 1, '2005-01-29 15:48:49'),
(850, 1919, 906, -1, 0, 0, 0, 1, '2005-01-29 15:48:49'),
(851, 1921, 906, -1, 0, 1, 0, 1, '2005-01-29 15:48:49'),
(852, 1920, 906, -1, 0, 1, 0, 1, '2005-01-29 15:48:51'),
(853, 1918, 906, -1, 0, 0, 0, 1, '2005-01-29 15:48:51'),
(854, 1917, 906, -1, 0, 0, 0, 1, '2005-01-29 15:48:51'),
(855, 1919, 906, -1, 0, 0, 0, 1, '2005-01-29 15:48:51'),
(856, 1921, 906, -1, 0, 1, 0, 1, '2005-01-29 15:48:51'),
(857, 1920, 906, -1, 0, 1, 0, 1, '2005-01-29 15:49:02'),
(858, 1918, 906, -1, 0, 0, 0, 1, '2005-01-29 15:49:02'),
(859, 1917, 906, -1, 0, 0, 0, 1, '2005-01-29 15:49:02'),
(860, 1919, 906, -1, 0, 0, 0, 1, '2005-01-29 15:49:02'),
(861, 1921, 906, -1, 0, 1, 0, 1, '2005-01-29 15:49:02'),
(862, 1920, 906, 1, 0, 1, 0, 1, '2005-01-29 15:49:23'),
(863, 1918, 906, 1, 0, 0, 0, 1, '2005-01-29 15:49:23'),
(864, 1917, 906, 1, 0, 0, 0, 1, '2005-01-29 15:49:23'),
(865, 1919, 906, 1, 0, 0, 0, 1, '2005-01-29 15:49:23'),
(866, 1921, 906, 1, 0, 1, 0, 1, '2005-01-29 15:49:23'),
(867, 1920, 906, 1, 0, 1, 0, 1, '2005-01-29 15:49:25'),
(868, 1918, 906, 1, 0, 0, 0, 1, '2005-01-29 15:49:25'),
(869, 1917, 906, 1, 0, 0, 0, 1, '2005-01-29 15:49:25'),
(870, 1919, 906, 1, 0, 0, 0, 1, '2005-01-29 15:49:25'),
(871, 1921, 906, 1, 0, 1, 0, 1, '2005-01-29 15:49:25'),
(872, 1920, 906, 1, 0, 1, 0, 1, '2005-01-29 15:49:26'),
(873, 1918, 906, 1, 0, 0, 0, 1, '2005-01-29 15:49:26'),
(874, 1917, 906, 1, 0, 0, 0, 1, '2005-01-29 15:49:26'),
(875, 1919, 906, 1, 0, 0, 0, 1, '2005-01-29 15:49:26'),
(876, 1921, 906, 1, 0, 1, 0, 1, '2005-01-29 15:49:26'),
(877, 1920, 906, 1, 0, 1, 0, 1, '2005-01-29 15:49:27'),
(878, 1918, 906, 1, 0, 0, 0, 1, '2005-01-29 15:49:27'),
(879, 1917, 906, 1, 0, 0, 0, 1, '2005-01-29 15:49:27'),
(880, 1919, 906, 1, 0, 0, 0, 1, '2005-01-29 15:49:27'),
(881, 1921, 906, 1, 0, 1, 0, 1, '2005-01-29 15:49:27'),
(882, 1920, 906, 1, 0, 1, 0, 1, '2005-01-29 15:49:28'),
(883, 1918, 906, 1, 0, 0, 0, 1, '2005-01-29 15:49:28'),
(884, 1917, 906, 1, 0, 0, 0, 1, '2005-01-29 15:49:28'),
(885, 1919, 906, 1, 0, 0, 0, 1, '2005-01-29 15:49:28'),
(886, 1921, 906, 1, 0, 1, 0, 1, '2005-01-29 15:49:28'),
(887, 1920, 906, 1, 0, 1, 0, 1, '2005-01-29 15:49:29'),
(888, 1918, 906, 1, 0, 0, 0, 1, '2005-01-29 15:49:29'),
(889, 1917, 906, 1, 0, 0, 0, 1, '2005-01-29 15:49:29'),
(890, 1919, 906, 1, 0, 0, 0, 1, '2005-01-29 15:49:29'),
(891, 1921, 906, 1, 0, 1, 0, 1, '2005-01-29 15:49:29'),
(892, 2067, 100, -1, 0, 0, 0, 1, '2005-01-29 15:49:58'),
(893, 2068, 100, -1, 0, 0, 0, 1, '2005-01-29 15:49:58'),
(894, 2069, 100, -1, 0, 0, 0, 1, '2005-01-29 15:49:58'),
(895, 1920, 906, -1, 0, 1, 0, 1, '2005-01-29 15:50:21'),
(896, 1918, 906, -1, 0, 0, 0, 1, '2005-01-29 15:50:21'),
(897, 1917, 906, -1, 0, 0, 0, 1, '2005-01-29 15:50:21'),
(898, 1919, 906, -1, 0, 0, 0, 1, '2005-01-29 15:50:21'),
(899, 1921, 906, -1, 0, 1, 0, 1, '2005-01-29 15:50:21'),
(900, 2083, 110, -1, 0, 0, 0, 1, '2005-01-29 15:54:01'),
(901, 2087, 110, -1, 0, 0, 0, 1, '2005-01-29 15:54:01'),
(902, 2068, 110, -1, 0, 0, 0, 1, '2005-01-29 15:54:01'),
(903, 2119, 110, -1, 0, 0, 0, 1, '2005-01-29 15:54:01'),
(904, 2083, 110, -1, 0, 0, 0, 1, '2005-01-29 15:56:23'),
(905, 2087, 110, -1, 0, 0, 0, 1, '2005-01-29 15:56:23'),
(906, 2068, 110, -1, 0, 0, 0, 1, '2005-01-29 15:56:23'),
(907, 2119, 110, -1, 0, 0, 0, 1, '2005-01-29 15:56:23'),
(908, 1920, 906, -1, 0, 1, 0, 1, '2005-01-29 15:57:12'),
(909, 1918, 906, -1, 0, 0, 0, 1, '2005-01-29 15:57:12'),
(910, 1917, 906, -1, 0, 0, 0, 1, '2005-01-29 15:57:12'),
(911, 1919, 906, -1, 0, 0, 0, 1, '2005-01-29 15:57:12'),
(912, 1921, 906, -1, 0, 1, 0, 1, '2005-01-29 15:57:12'),
(913, 2135, 302, -1, 0, 0, 0, 1, '2005-01-29 15:57:24'),
(914, 2136, 302, -1, 0, 0, 0, 1, '2005-01-29 15:57:24'),
(915, 2141, 302, -1, 0, 0, 0, 1, '2005-01-29 15:57:24'),
(916, 2137, 302, -1, 0, 0, 0, 1, '2005-01-29 15:57:24'),
(917, 2134, 302, -1, 0, 0, 0, 1, '2005-01-29 15:57:24'),
(918, 2139, 302, -1, 0, 0, 0, 1, '2005-01-29 15:57:24'),
(919, 2142, 302, -1, 0, 0, 0, 1, '2005-01-29 15:57:24'),
(920, 2138, 302, -1, 0, 0, 0, 1, '2005-01-29 15:57:24'),
(921, 2140, 302, -1, 0, 0, 0, 1, '2005-01-29 15:57:24'),
(922, 2135, 302, -1, 0, 0, 0, 1, '2005-01-29 15:57:39'),
(923, 2136, 302, -1, 0, 0, 0, 1, '2005-01-29 15:57:39'),
(924, 2141, 302, -1, 0, 0, 0, 1, '2005-01-29 15:57:39'),
(925, 2137, 302, -1, 0, 0, 0, 1, '2005-01-29 15:57:39'),
(926, 2134, 302, -1, 0, 0, 0, 1, '2005-01-29 15:57:39'),
(927, 2139, 302, -1, 0, 0, 0, 1, '2005-01-29 15:57:39'),
(928, 2142, 302, -1, 0, 0, 0, 1, '2005-01-29 15:57:39'),
(929, 2138, 302, -1, 0, 0, 0, 1, '2005-01-29 15:57:39'),
(930, 2140, 302, -1, 0, 0, 0, 1, '2005-01-29 15:57:39'),
(931, 2135, 302, -1, 0, 0, 0, 1, '2005-01-29 15:58:54'),
(932, 2136, 302, -1, 0, 0, 0, 1, '2005-01-29 15:58:54'),
(933, 2141, 302, -1, 0, 0, 0, 1, '2005-01-29 15:58:54'),
(934, 2137, 302, -1, 0, 0, 0, 1, '2005-01-29 15:58:54'),
(935, 2134, 302, -1, 0, 0, 0, 1, '2005-01-29 15:58:54'),
(936, 2139, 302, -1, 0, 0, 0, 1, '2005-01-29 15:58:54'),
(937, 2142, 302, -1, 0, 0, 0, 1, '2005-01-29 15:58:54'),
(938, 2138, 302, -1, 0, 0, 0, 1, '2005-01-29 15:58:54'),
(939, 2140, 302, -1, 0, 0, 0, 1, '2005-01-29 15:58:54'),
(940, 2012, 12, -1, 0, 0, 0, 3, '2008-07-24 11:52:35'),
(941, 2001, 12, -1, 0, 0, 0, 3, '2008-07-24 11:52:35'),
(942, 2012, 12, -1, 0, 0, 0, 3, '2008-07-24 11:54:20'),
(943, 2001, 12, -1, 0, 0, 0, 3, '2008-07-24 11:54:20'),
(944, 2012, 12, -1, 0, 0, 0, 3, '2008-07-24 11:54:25'),
(945, 2001, 12, -1, 0, 0, 0, 3, '2008-07-24 11:54:25'),
(946, 2012, 12, -1, 0, 0, 0, 3, '2008-07-24 12:10:22'),
(947, 2001, 12, -1, 0, 0, 0, 3, '2008-07-24 12:10:22'),
(948, 1991, 2, -1, 0, 0, 0, 3, '2008-07-24 12:10:36'),
(949, 1993, 2, -1, 0, 0, 0, 3, '2008-07-24 12:10:36'),
(950, 1992, 2, -1, 0, 0, 0, 3, '2008-07-24 12:10:36'),
(951, 1989, 2, -1, 0, 0, 0, 3, '2008-07-24 12:10:36'),
(952, 1990, 2, -1, 0, 0, 0, 3, '2008-07-24 12:10:36'),
(953, 2012, 12, 1, 0, 0, 0, 3, '2008-07-24 12:10:45'),
(954, 2001, 12, 1, 0, 0, 0, 3, '2008-07-24 12:10:45'),
(955, 1994, 2, -1, 0, 0, 0, 3, '2008-07-24 12:10:54'),
(956, 1918, 906, -1, 0, 0, 0, 3, '2008-07-24 12:14:53'),
(957, 1920, 906, -1, 0, 1, 0, 3, '2008-07-24 12:14:53'),
(958, 1921, 906, -1, 0, 1, 0, 3, '2008-07-24 12:14:53'),
(959, 1917, 906, -1, 0, 0, 0, 3, '2008-07-24 12:14:53'),
(960, 1919, 906, -1, 0, 0, 0, 3, '2008-07-24 12:14:53'),
(961, 2012, 12, -1, 0, 0, 0, 3, '2008-07-24 12:14:59'),
(962, 2001, 12, -1, 0, 0, 0, 3, '2008-07-24 12:14:59'),
(963, 2038, 18, -1, 0, 0, 0, 3, '2008-07-24 12:31:42'),
(964, 2039, 18, -1, 0, 0, 0, 3, '2008-07-24 12:31:42'),
(965, 2037, 18, -1, 0, 0, 0, 3, '2008-07-24 12:31:42'),
(966, 2009, 18, -1, 0, 0, 0, 3, '2008-07-24 12:31:42'),
(967, 2012, 12, -1, 0, 0, 0, 3, '2008-07-24 12:31:43'),
(968, 2001, 12, -1, 0, 0, 0, 3, '2008-07-24 12:31:43'),
(969, 1918, 906, -1, 0, 0, 0, 3, '2008-12-01 21:11:54'),
(970, 1920, 906, -1, 0, 1, 0, 3, '2008-12-01 21:11:54'),
(971, 1921, 906, -1, 0, 1, 0, 3, '2008-12-01 21:11:54'),
(972, 1917, 906, -1, 0, 0, 0, 3, '2008-12-01 21:11:54'),
(973, 1919, 906, -1, 0, 0, 0, 3, '2008-12-01 21:11:54'),
(974, 1918, 906, 1, 0, 0, 0, 3, '2008-12-01 21:12:10'),
(975, 1920, 906, 1, 0, 1, 0, 3, '2008-12-01 21:12:10'),
(976, 1921, 906, 1, 0, 1, 0, 3, '2008-12-01 21:12:10'),
(977, 1917, 906, 1, 0, 0, 0, 3, '2008-12-01 21:12:10'),
(978, 1919, 906, 1, 0, 0, 0, 3, '2008-12-01 21:12:10'),
(979, 2109, 123, -1, 0, 0, 0, 2, '2008-12-01 21:48:59'),
(980, 2087, 123, -1, 0, 0, 0, 2, '2008-12-01 21:48:59'),
(981, 2110, 123, -1, 0, 0, 0, 2, '2008-12-01 21:48:59'),
(982, 2084, 123, -1, 0, 0, 0, 2, '2008-12-01 21:48:59'),
(983, 2127, 123, -1, 0, 0, 0, 2, '2008-12-01 21:48:59'),
(984, 2109, 123, -1, 0, 0, 0, 2, '2008-12-01 21:49:10'),
(985, 2109, 123, -1, 0, 0, 0, 2, '2008-12-01 21:49:20'),
(986, 2087, 123, -1, 0, 0, 0, 2, '2008-12-01 21:49:20'),
(987, 2110, 123, -1, 0, 0, 0, 2, '2008-12-01 21:49:20'),
(988, 2084, 123, -1, 0, 0, 0, 2, '2008-12-01 21:49:20'),
(989, 2127, 123, -1, 0, 0, 0, 2, '2008-12-01 21:49:20'),
(990, 2039, 18, -1, 0, 0, 0, 2, '2008-12-01 21:49:35'),
(991, 2037, 18, -1, 0, 0, 0, 2, '2008-12-01 21:49:35'),
(992, 2009, 18, -1, 0, 0, 0, 2, '2008-12-01 21:49:35'),
(993, 2008, 18, -1, 0, 0, 0, 2, '2008-12-01 21:49:44'),
(994, 2017, 18, -1, 0, 0, 0, 2, '2008-12-01 21:49:44'),
(995, 2057, 18, -1, 0, 0, 0, 2, '2008-12-01 21:49:44'),
(996, 2109, 123, -1, 0, 0, 0, 2, '2008-12-01 21:52:39'),
(997, 2087, 123, -1, 0, 0, 0, 2, '2008-12-01 21:52:39'),
(998, 2110, 123, -1, 0, 0, 0, 2, '2008-12-01 21:52:39'),
(999, 2084, 123, -1, 0, 0, 0, 2, '2008-12-01 21:52:39'),
(1000, 2127, 123, -1, 0, 0, 0, 2, '2008-12-01 21:52:39'),
(1001, 2012, 12, -1, 0, 0, 0, 2, '2008-12-01 21:53:04'),
(1002, 2001, 12, -1, 0, 0, 0, 2, '2008-12-01 21:53:04'),
(1003, 2039, 18, -3, 0, 0, 0, 2, '2008-12-01 21:53:07'),
(1004, 2037, 18, -3, 0, 0, 0, 2, '2008-12-01 21:53:07'),
(1005, 2009, 18, -3, 0, 0, 0, 2, '2008-12-01 21:53:07'),
(1006, 2039, 18, -1, 0, 0, 0, 2, '2008-12-01 21:55:11'),
(1007, 2037, 18, -1, 0, 0, 0, 2, '2008-12-01 21:55:11'),
(1008, 2009, 18, -1, 0, 0, 0, 2, '2008-12-01 21:55:11'),
(1009, 2039, 18, -1, 0, 0, 0, 2, '2008-12-01 21:55:11'),
(1010, 2037, 18, -1, 0, 0, 0, 2, '2008-12-01 21:55:11'),
(1011, 2009, 18, -1, 0, 0, 0, 2, '2008-12-01 21:55:11'),
(1012, 1920, 524, -1, 0, 1, 0, 2, '2008-12-01 22:08:11'),
(1013, 1921, 524, -1, 0, 1, 0, 2, '2008-12-01 22:08:11'),
(1014, 1935, 524, -1, 0, 0, 0, 2, '2008-12-01 22:08:11'),
(1015, 1917, 524, -1, 0, 0, 0, 2, '2008-12-01 22:08:11'),
(1016, 1982, 524, -1, 0, 0, 0, 2, '2008-12-01 22:08:19'),
(1017, 1988, 601, -2, 0, 0, 0, 3, '2008-12-01 22:15:39'),
(1018, 1982, 524, -1, 0, 0, 0, 2, '2008-12-16 17:40:38'),
(1019, 1920, 524, -1, 0, 1, 0, 2, '2008-12-16 17:40:38'),
(1020, 1921, 524, -1, 0, 1, 0, 2, '2008-12-16 17:40:38'),
(1021, 1935, 524, -1, 0, 0, 0, 2, '2008-12-16 17:40:38'),
(1022, 1917, 524, -1, 0, 0, 0, 2, '2008-12-16 17:40:38'),
(1023, 2109, 123, -1, 0, 0, 0, 2, '2008-12-29 16:41:13'),
(1024, 2087, 123, -1, 0, 0, 0, 2, '2008-12-29 16:41:13'),
(1025, 2110, 123, -1, 0, 0, 0, 2, '2008-12-29 16:41:13'),
(1026, 2084, 123, -1, 0, 0, 0, 2, '2008-12-29 16:41:13'),
(1027, 2127, 123, -1, 0, 0, 0, 2, '2008-12-29 16:41:13'),
(1028, 2109, 123, -1, 0, 0, 0, 2, '2008-12-29 16:41:16'),
(1029, 2087, 123, -1, 0, 0, 0, 2, '2008-12-29 16:41:16'),
(1030, 2110, 123, -1, 0, 0, 0, 2, '2008-12-29 16:41:16'),
(1031, 2084, 123, -1, 0, 0, 0, 2, '2008-12-29 16:41:16'),
(1032, 2127, 123, -1, 0, 0, 0, 2, '2008-12-29 16:41:16'),
(1033, 2109, 123, 1, 0, 0, 0, 2, '2008-12-29 16:41:18'),
(1034, 2087, 123, 1, 0, 0, 0, 2, '2008-12-29 16:41:18'),
(1035, 2110, 123, 1, 0, 0, 0, 2, '2008-12-29 16:41:18'),
(1036, 2084, 123, 1, 0, 0, 0, 2, '2008-12-29 16:41:18'),
(1037, 2127, 123, 1, 0, 0, 0, 2, '2008-12-29 16:41:18'),
(1038, 2109, 123, -1, 0, 0, 0, 2, '2008-12-29 16:41:25'),
(1039, 2087, 123, -1, 0, 0, 0, 2, '2008-12-29 16:41:25'),
(1040, 2110, 123, -1, 0, 0, 0, 2, '2008-12-29 16:41:25'),
(1041, 2084, 123, -1, 0, 0, 0, 2, '2008-12-29 16:41:25'),
(1042, 2127, 123, -1, 0, 0, 0, 2, '2008-12-29 16:41:25'),
(1043, 2109, 123, 1, 0, 0, 0, 2, '2008-12-29 16:41:29'),
(1044, 2087, 123, 1, 0, 0, 0, 2, '2008-12-29 16:41:29'),
(1045, 2110, 123, 1, 0, 0, 0, 2, '2008-12-29 16:41:29'),
(1046, 2084, 123, 1, 0, 0, 0, 2, '2008-12-29 16:41:29'),
(1047, 2127, 123, 1, 0, 0, 0, 2, '2008-12-29 16:41:29'),
(1048, 2109, 123, -1, 0, 0, 0, 2, '2008-12-29 16:41:31'),
(1049, 2087, 123, -1, 0, 0, 0, 2, '2008-12-29 16:41:31'),
(1050, 2110, 123, -1, 0, 0, 0, 2, '2008-12-29 16:41:31'),
(1051, 2084, 123, -1, 0, 0, 0, 2, '2008-12-29 16:41:31'),
(1052, 2127, 123, -1, 0, 0, 0, 2, '2008-12-29 16:41:31'),
(1053, 2109, 123, 1, 0, 0, 0, 2, '2008-12-29 16:41:33'),
(1054, 2087, 123, 1, 0, 0, 0, 2, '2008-12-29 16:41:33'),
(1055, 2110, 123, 1, 0, 0, 0, 2, '2008-12-29 16:41:33'),
(1056, 2084, 123, 1, 0, 0, 0, 2, '2008-12-29 16:41:33'),
(1057, 2127, 123, 1, 0, 0, 0, 2, '2008-12-29 16:41:33'),
(1058, 2109, 123, -1, 0, 0, 0, 2, '2008-12-29 16:41:34'),
(1059, 2087, 123, -1, 0, 0, 0, 2, '2008-12-29 16:41:34'),
(1060, 2110, 123, -1, 0, 0, 0, 2, '2008-12-29 16:41:34'),
(1061, 2084, 123, -1, 0, 0, 0, 2, '2008-12-29 16:41:34'),
(1062, 2127, 123, -1, 0, 0, 0, 2, '2008-12-29 16:41:34'),
(1063, 2109, 123, -1, 0, 0, 0, 2, '2008-12-29 16:41:35'),
(1064, 2087, 123, -1, 0, 0, 0, 2, '2008-12-29 16:41:35'),
(1065, 2110, 123, -1, 0, 0, 0, 2, '2008-12-29 16:41:35'),
(1066, 2084, 123, -1, 0, 0, 0, 2, '2008-12-29 16:41:35'),
(1067, 2127, 123, -1, 0, 0, 0, 2, '2008-12-29 16:41:35'),
(1068, 2109, 123, 1, 0, 0, 0, 2, '2008-12-29 16:41:36'),
(1069, 2087, 123, 1, 0, 0, 0, 2, '2008-12-29 16:41:36'),
(1070, 2110, 123, 1, 0, 0, 0, 2, '2008-12-29 16:41:36'),
(1071, 2084, 123, 1, 0, 0, 0, 2, '2008-12-29 16:41:36'),
(1072, 2127, 123, 1, 0, 0, 0, 2, '2008-12-29 16:41:36'),
(1073, 2109, 123, 1, 0, 0, 0, 2, '2008-12-29 16:41:37'),
(1074, 2087, 123, 1, 0, 0, 0, 2, '2008-12-29 16:41:37'),
(1075, 2110, 123, 1, 0, 0, 0, 2, '2008-12-29 16:41:37'),
(1076, 2084, 123, 1, 0, 0, 0, 2, '2008-12-29 16:41:37'),
(1077, 2127, 123, 1, 0, 0, 0, 2, '2008-12-29 16:41:37'),
(1078, 2109, 123, 1, 0, 0, 0, 2, '2008-12-29 16:41:38'),
(1079, 2087, 123, 1, 0, 0, 0, 2, '2008-12-29 16:41:38'),
(1080, 2110, 123, 1, 0, 0, 0, 2, '2008-12-29 16:41:38'),
(1081, 2084, 123, 1, 0, 0, 0, 2, '2008-12-29 16:41:38'),
(1082, 2127, 123, 1, 0, 0, 0, 2, '2008-12-29 16:41:38'),
(1083, 2085, 122, -1, 0, 0, 0, 2, '2008-12-29 16:44:05'),
(1084, 2083, 122, -1, 0, 0, 0, 2, '2008-12-29 16:44:05'),
(1085, 2105, 122, -1, 0, 0, 0, 2, '2008-12-29 16:44:05'),
(1086, 2106, 122, -1, 0, 0, 0, 2, '2008-12-29 16:44:05'),
(1087, 2108, 122, -1, 0, 0, 0, 2, '2008-12-29 16:44:05'),
(1088, 2127, 122, -1, 0, 0, 0, 2, '2008-12-29 16:44:05'),
(1089, 2107, 122, -1, 0, 0, 0, 2, '2008-12-29 16:44:05'),
(1090, 2085, 122, -1, 0, 0, 0, 2, '2008-12-29 16:44:07'),
(1091, 2083, 122, -1, 0, 0, 0, 2, '2008-12-29 16:44:07'),
(1092, 2105, 122, -1, 0, 0, 0, 2, '2008-12-29 16:44:07'),
(1093, 2106, 122, -1, 0, 0, 0, 2, '2008-12-29 16:44:07'),
(1094, 2108, 122, -1, 0, 0, 0, 2, '2008-12-29 16:44:07'),
(1095, 2127, 122, -1, 0, 0, 0, 2, '2008-12-29 16:44:07'),
(1096, 2107, 122, -1, 0, 0, 0, 2, '2008-12-29 16:44:07'),
(1097, 2039, 18, -1, 0, 0, 0, 2, '2008-12-29 16:58:24'),
(1098, 2037, 18, -1, 0, 0, 0, 2, '2008-12-29 16:58:24'),
(1099, 2009, 18, -1, 0, 0, 0, 2, '2008-12-29 16:58:24'),
(1100, 1943, 515, -1, 0, 0, 0, 2, '2008-12-29 22:22:07'),
(1101, 1920, 515, -1, 0, 1, 0, 2, '2008-12-29 22:22:07'),
(1102, 1945, 515, -1, 0, 0, 0, 2, '2008-12-29 22:22:07'),
(1103, 1921, 515, -1, 0, 1, 0, 2, '2008-12-29 22:22:07'),
(1104, 1943, 515, 1, 0, 0, 0, 2, '2008-12-29 22:22:16'),
(1105, 1920, 515, 1, 0, 1, 0, 2, '2008-12-29 22:22:16'),
(1106, 1945, 515, 1, 0, 0, 0, 2, '2008-12-29 22:22:16'),
(1107, 1921, 515, 1, 0, 1, 0, 2, '2008-12-29 22:22:16'),
(1108, 2012, 12, -1, 0, 0, 0, 2, '2008-12-29 22:24:42'),
(1109, 2001, 12, -1, 0, 0, 0, 2, '2008-12-29 22:24:42'),
(1110, 2012, 12, 1, 0, 0, 0, 2, '2008-12-29 22:24:44'),
(1111, 2001, 12, 1, 0, 0, 0, 2, '2008-12-29 22:24:44'),
(1112, 2039, 18, -1, 0, 0, 0, 2, '2008-12-29 22:26:15'),
(1113, 2037, 18, -1, 0, 0, 0, 2, '2008-12-29 22:26:15'),
(1114, 2009, 18, -1, 0, 0, 0, 2, '2008-12-29 22:26:15'),
(1115, 2039, 18, 1, 0, 0, 0, 2, '2008-12-29 22:26:18'),
(1116, 2037, 18, 1, 0, 0, 0, 2, '2008-12-29 22:26:18'),
(1117, 2009, 18, 1, 0, 0, 0, 2, '2008-12-29 22:26:18'),
(1118, 2012, 12, -1, 0, 0, 0, 2, '2008-12-29 22:26:56'),
(1119, 2001, 12, -1, 0, 0, 0, 2, '2008-12-29 22:26:56'),
(1120, 2012, 12, -1, 0, 0, 0, 2, '2008-12-29 22:27:04'),
(1121, 2001, 12, -1, 0, 0, 0, 2, '2008-12-29 22:27:04'),
(1122, 2012, 12, 1, 0, 0, 0, 2, '2008-12-29 22:27:06'),
(1123, 2001, 12, 1, 0, 0, 0, 2, '2008-12-29 22:27:06'),
(1124, 2039, 18, -1, 0, 0, 0, 2, '2008-12-29 22:31:27'),
(1125, 2037, 18, -1, 0, 0, 0, 2, '2008-12-29 22:31:27'),
(1126, 2009, 18, -1, 0, 0, 0, 2, '2008-12-29 22:31:27'),
(1127, 2186, 216, -1, 0, 0, 0, 2, '2008-12-29 22:45:12'),
(1128, 2178, 216, -1, 0, 0, 0, 2, '2008-12-29 22:45:12'),
(1129, 2186, 216, -1, 0, 0, 0, 2, '2008-12-29 22:45:53'),
(1130, 2178, 216, -1, 0, 0, 0, 2, '2008-12-29 22:45:53'),
(1131, 2186, 216, -1, 0, 0, 0, 2, '2008-12-29 22:47:28'),
(1132, 2178, 216, -1, 0, 0, 0, 2, '2008-12-29 22:47:28'),
(1133, 2186, 216, 1, 0, 0, 0, 2, '2008-12-29 22:47:32');
INSERT INTO `stock_movements` (`id`, `obj_id`, `dish_id`, `dish_quantity`, `quantity`, `unit_type`, `value`, `user`, `timestamp`) VALUES
(1134, 2178, 216, 1, 0, 0, 0, 2, '2008-12-29 22:47:32'),
(1135, 2186, 216, 1, 0, 0, 0, 2, '2008-12-29 22:47:34'),
(1136, 2178, 216, 1, 0, 0, 0, 2, '2008-12-29 22:47:34'),
(1137, 2186, 216, 1, 0, 0, 0, 2, '2008-12-29 22:47:34'),
(1138, 2178, 216, 1, 0, 0, 0, 2, '2008-12-29 22:47:34'),
(1139, 2243, 919, -1, -1, 2, -3, 2, '2008-12-29 22:54:14'),
(1140, 2012, 12, -1, 0, 0, 0, 2, '2008-12-29 22:54:18'),
(1141, 2001, 12, -1, 0, 0, 0, 2, '2008-12-29 22:54:18'),
(1142, 2012, 12, -1, 0, 0, 0, 2, '2008-12-29 23:00:03'),
(1143, 2001, 12, -1, 0, 0, 0, 2, '2008-12-29 23:00:03'),
(1144, 2039, 18, -1, 0, 0, 0, 2, '2008-12-29 23:00:06'),
(1145, 2037, 18, -1, 0, 0, 0, 2, '2008-12-29 23:00:06'),
(1146, 2009, 18, -1, 0, 0, 0, 2, '2008-12-29 23:00:06'),
(1147, 2039, 18, 1, 0, 0, 0, 2, '2008-12-29 23:00:08'),
(1148, 2037, 18, 1, 0, 0, 0, 2, '2008-12-29 23:00:08'),
(1149, 2009, 18, 1, 0, 0, 0, 2, '2008-12-29 23:00:08'),
(1150, 2012, 12, 1, 0, 0, 0, 2, '2008-12-29 23:00:10'),
(1151, 2001, 12, 1, 0, 0, 0, 2, '2008-12-29 23:00:10'),
(1152, 2012, 12, -1, 0, 0, 0, 2, '2008-12-29 23:01:21'),
(1153, 2001, 12, -1, 0, 0, 0, 2, '2008-12-29 23:01:21'),
(1154, 2012, 12, 1, 0, 0, 0, 2, '2008-12-29 23:01:24'),
(1155, 2001, 12, 1, 0, 0, 0, 2, '2008-12-29 23:01:24'),
(1156, 2012, 12, -1, 0, 0, 0, 2, '2008-12-29 23:01:32'),
(1157, 2001, 12, -1, 0, 0, 0, 2, '2008-12-29 23:01:32'),
(1158, 2012, 12, 1, 0, 0, 0, 2, '2008-12-29 23:01:36'),
(1159, 2001, 12, 1, 0, 0, 0, 2, '2008-12-29 23:01:36'),
(1160, 2012, 12, -1, 0, 0, 0, 2, '2008-12-29 23:02:17'),
(1161, 2001, 12, -1, 0, 0, 0, 2, '2008-12-29 23:02:17'),
(1162, 2012, 12, 1, 0, 0, 0, 2, '2008-12-29 23:02:20'),
(1163, 2001, 12, 1, 0, 0, 0, 2, '2008-12-29 23:02:20'),
(1164, 2012, 12, -1, 0, 0, 0, 2, '2008-12-29 23:02:23'),
(1165, 2001, 12, -1, 0, 0, 0, 2, '2008-12-29 23:02:23'),
(1166, 2012, 12, 1, 0, 0, 0, 2, '2008-12-29 23:02:25'),
(1167, 2001, 12, 1, 0, 0, 0, 2, '2008-12-29 23:02:25'),
(1168, 2109, 123, -1, 0, 0, 0, 2, '2009-01-06 00:02:46'),
(1169, 2087, 123, -1, 0, 0, 0, 2, '2009-01-06 00:02:46'),
(1170, 2110, 123, -1, 0, 0, 0, 2, '2009-01-06 00:02:46'),
(1171, 2084, 123, -1, 0, 0, 0, 2, '2009-01-06 00:02:46'),
(1172, 2127, 123, -1, 0, 0, 0, 2, '2009-01-06 00:02:46'),
(1173, 2109, 123, -1, 0, 0, 0, 2, '2009-01-06 00:02:50'),
(1174, 2087, 123, -1, 0, 0, 0, 2, '2009-01-06 00:02:50'),
(1175, 2110, 123, -1, 0, 0, 0, 2, '2009-01-06 00:02:50'),
(1176, 2084, 123, -1, 0, 0, 0, 2, '2009-01-06 00:02:50'),
(1177, 2127, 123, -1, 0, 0, 0, 2, '2009-01-06 00:02:50'),
(1178, 2109, 123, 1, 0, 0, 0, 2, '2009-01-06 00:02:53'),
(1179, 2087, 123, 1, 0, 0, 0, 2, '2009-01-06 00:02:53'),
(1180, 2110, 123, 1, 0, 0, 0, 2, '2009-01-06 00:02:53'),
(1181, 2084, 123, 1, 0, 0, 0, 2, '2009-01-06 00:02:53'),
(1182, 2127, 123, 1, 0, 0, 0, 2, '2009-01-06 00:02:53'),
(1183, 2109, 123, 1, 0, 0, 0, 2, '2009-01-06 00:02:55'),
(1184, 2087, 123, 1, 0, 0, 0, 2, '2009-01-06 00:02:55'),
(1185, 2110, 123, 1, 0, 0, 0, 2, '2009-01-06 00:02:55'),
(1186, 2084, 123, 1, 0, 0, 0, 2, '2009-01-06 00:02:55'),
(1187, 2127, 123, 1, 0, 0, 0, 2, '2009-01-06 00:02:55'),
(1188, 2012, 12, -1, 0, 0, 0, 3, '2009-01-08 21:15:34'),
(1189, 2001, 12, -1, 0, 0, 0, 3, '2009-01-08 21:15:34'),
(1190, 2012, 12, -1, 0, 0, 0, 3, '2009-01-08 21:15:48'),
(1191, 2001, 12, -1, 0, 0, 0, 3, '2009-01-08 21:15:48'),
(1192, 2012, 12, -1, 0, 0, 0, 3, '2009-01-08 21:16:04'),
(1193, 2001, 12, -1, 0, 0, 0, 3, '2009-01-08 21:16:04'),
(1194, 2012, 11, -1, 0, 0, 0, 3, '2009-01-08 21:16:08'),
(1195, 2008, 11, -1, 0, 0, 0, 3, '2009-01-08 21:16:08'),
(1196, 2014, 11, -1, 0, 0, 0, 3, '2009-01-08 21:16:08'),
(1197, 2012, 12, 1, 0, 0, 0, 3, '2009-01-08 21:16:11'),
(1198, 2001, 12, 1, 0, 0, 0, 3, '2009-01-08 21:16:11'),
(1199, 2012, 12, 1, 0, 0, 0, 3, '2009-01-08 21:16:12'),
(1200, 2001, 12, 1, 0, 0, 0, 3, '2009-01-08 21:16:12'),
(1201, 2012, 12, 1, 0, 0, 0, 3, '2009-01-08 21:16:15'),
(1202, 2001, 12, 1, 0, 0, 0, 3, '2009-01-08 21:16:15'),
(1203, 2012, 11, 1, 0, 0, 0, 3, '2009-01-08 21:16:17'),
(1204, 2008, 11, 1, 0, 0, 0, 3, '2009-01-08 21:16:17'),
(1205, 2014, 11, 1, 0, 0, 0, 3, '2009-01-08 21:16:17'),
(1206, 2012, 11, -1, 0, 0, 0, 3, '2009-01-08 21:23:35'),
(1207, 2008, 11, -1, 0, 0, 0, 3, '2009-01-08 21:23:35'),
(1208, 2014, 11, -1, 0, 0, 0, 3, '2009-01-08 21:23:35'),
(1209, 2012, 11, 1, 0, 0, 0, 3, '2009-01-08 21:24:01'),
(1210, 2008, 11, 1, 0, 0, 0, 3, '2009-01-08 21:24:01'),
(1211, 2014, 11, 1, 0, 0, 0, 3, '2009-01-08 21:24:01'),
(1212, 1916, 525, -1, 0, 0, 0, 3, '2009-01-08 21:24:03'),
(1213, 1920, 525, -1, 0, 1, 0, 3, '2009-01-08 21:24:03'),
(1214, 1921, 525, -1, 0, 1, 0, 3, '2009-01-08 21:24:03'),
(1215, 1935, 525, -1, 0, 0, 0, 3, '2009-01-08 21:24:03'),
(1216, 2012, 12, -1, 0, 0, 0, 2, '2009-01-08 21:52:57'),
(1217, 2001, 12, -1, 0, 0, 0, 2, '2009-01-08 21:52:57'),
(1218, 2012, 12, -1, 0, 0, 0, 2, '2009-01-08 21:52:57'),
(1219, 2001, 12, -1, 0, 0, 0, 2, '2009-01-08 21:52:57'),
(1220, 2012, 12, -1, 0, 0, 0, 2, '2009-01-08 21:53:05'),
(1221, 2001, 12, -1, 0, 0, 0, 2, '2009-01-08 21:53:05'),
(1222, 2012, 12, -1, 0, 0, 0, 2, '2009-01-08 21:53:12'),
(1223, 2001, 12, -1, 0, 0, 0, 2, '2009-01-08 21:53:12'),
(1224, 2012, 12, -1, 0, 0, 0, 2, '2009-01-08 22:31:37'),
(1225, 2001, 12, -1, 0, 0, 0, 2, '2009-01-08 22:31:37'),
(1226, 2039, 18, -1, 0, 0, 0, 2, '2009-01-08 22:32:30'),
(1227, 2037, 18, -1, 0, 0, 0, 2, '2009-01-08 22:32:30'),
(1228, 2009, 18, -1, 0, 0, 0, 2, '2009-01-08 22:32:30'),
(1229, 2012, 12, -1, 0, 0, 0, 2, '2009-01-08 23:03:11'),
(1230, 2001, 12, -1, 0, 0, 0, 2, '2009-01-08 23:03:11'),
(1231, 2012, 12, -4, 0, 0, 0, 2, '2009-01-08 23:03:22'),
(1232, 2001, 12, -4, 0, 0, 0, 2, '2009-01-08 23:03:22'),
(1233, 1964, 507, -1, 0, 1, 0, 2, '2009-01-08 23:07:32'),
(1234, 1928, 507, -1, 0, 0, 0, 2, '2009-01-08 23:07:32'),
(1235, 1920, 507, -1, -1.5, 1, -3, 2, '2009-01-08 23:07:32'),
(1236, 1964, 507, 1, 0, 1, 0, 2, '2009-01-08 23:09:19'),
(1237, 1928, 507, 1, 0, 0, 0, 2, '2009-01-08 23:09:19'),
(1238, 1920, 507, 1, 1.5, 1, 3, 2, '2009-01-08 23:09:19'),
(1239, 2128, 301, -1, 0, 0, 0, 2, '2009-01-09 18:57:11'),
(1240, 2074, 301, -1, 0, 0, 0, 2, '2009-01-09 18:57:11'),
(1241, 2130, 301, -1, 0, 0, 0, 2, '2009-01-09 18:57:11'),
(1242, 2129, 301, -1, 0, 0, 0, 2, '2009-01-09 18:57:11'),
(1243, 2012, 12, -1, 0, 0, 0, 2, '2009-01-09 18:57:13'),
(1244, 2001, 12, -1, 0, 0, 0, 2, '2009-01-09 18:57:13'),
(1245, 2012, 12, -1, 0, 0, 0, 2, '2009-01-09 18:57:19'),
(1246, 2001, 12, -1, 0, 0, 0, 2, '2009-01-09 18:57:19'),
(1247, 2094, 124, -1, 0, 0, 0, 2, '2009-01-09 19:01:04'),
(1248, 2084, 124, -1, 0, 0, 0, 2, '2009-01-09 19:01:04'),
(1249, 2111, 124, -1, 0, 0, 0, 2, '2009-01-09 19:01:04'),
(1250, 2126, 124, -1, 0, 0, 0, 2, '2009-01-09 19:01:04'),
(1251, 2112, 124, -1, 0, 0, 0, 2, '2009-01-09 19:01:04'),
(1252, 2012, 14, -1, 0, 0, 0, 2, '2009-01-09 19:01:14'),
(1253, 2015, 14, -1, 0, 1, 0, 2, '2009-01-09 19:01:14'),
(1254, 2008, 14, -1, 0, 0, 0, 2, '2009-01-09 19:01:14'),
(1255, 2013, 14, -1, 0, 0, 0, 2, '2009-01-09 19:01:14'),
(1256, 2016, 14, -1, 0, 0, 0, 2, '2009-01-09 19:01:14'),
(1257, 2012, 14, -1, 0, 0, 0, 2, '2009-01-09 19:02:07'),
(1258, 2015, 14, -1, 0, 1, 0, 2, '2009-01-09 19:02:07'),
(1259, 2008, 14, -1, 0, 0, 0, 2, '2009-01-09 19:02:07'),
(1260, 2013, 14, -1, 0, 0, 0, 2, '2009-01-09 19:02:07'),
(1261, 2016, 14, -1, 0, 0, 0, 2, '2009-01-09 19:02:07'),
(1262, 2039, 18, -1, 0, 0, 0, 2, '2009-01-10 23:01:51'),
(1263, 2037, 18, -1, 0, 0, 0, 2, '2009-01-10 23:01:51'),
(1264, 2009, 18, -1, 0, 0, 0, 2, '2009-01-10 23:01:51'),
(1265, 2184, 201, -1, 0, 0, 0, 2, '2009-01-10 23:52:20'),
(1266, 2012, 12, -1, 0, 0, 0, 2, '2009-01-11 23:58:49'),
(1267, 2001, 12, -1, 0, 0, 0, 2, '2009-01-11 23:58:49'),
(1268, 2012, 12, -1, 0, 0, 0, 2, '2009-01-12 00:00:09'),
(1269, 2001, 12, -1, 0, 0, 0, 2, '2009-01-12 00:00:09'),
(1270, 2012, 12, -1, 0, 0, 0, 2, '2009-01-12 00:00:37'),
(1271, 2001, 12, -1, 0, 0, 0, 2, '2009-01-12 00:00:37'),
(1272, 2012, 12, -2, 0, 0, 0, 2, '2009-01-12 00:00:56'),
(1273, 2001, 12, -2, 0, 0, 0, 2, '2009-01-12 00:00:56'),
(1274, 2012, 12, -1, 0, 0, 0, 2, '2009-02-19 19:51:35'),
(1275, 2001, 12, -1, 0, 0, 0, 2, '2009-02-19 19:51:35'),
(1276, 2039, 18, -1, 0, 0, 0, 2, '2009-02-19 19:51:36'),
(1277, 2037, 18, -1, 0, 0, 0, 2, '2009-02-19 19:51:36'),
(1278, 2009, 18, -1, 0, 0, 0, 2, '2009-02-19 19:51:36'),
(1279, 2012, 12, -1, 0, 0, 0, 2, '2009-02-20 12:15:20'),
(1280, 2001, 12, -1, 0, 0, 0, 2, '2009-02-20 12:15:20'),
(1281, 2012, 12, -1, 0, 0, 0, 2, '2009-02-20 12:15:26'),
(1282, 2001, 12, -1, 0, 0, 0, 2, '2009-02-20 12:15:26'),
(1283, 2012, 12, -1, 0, 0, 0, 2, '2009-02-20 12:15:29'),
(1284, 2001, 12, -1, 0, 0, 0, 2, '2009-02-20 12:15:29'),
(1285, 2149, 304, -1, 0, 0, 0, 2, '2009-02-20 12:21:50'),
(1286, 2012, 12, -1, 0, 0, 0, 2, '2009-02-20 12:42:05'),
(1287, 2001, 12, -1, 0, 0, 0, 2, '2009-02-20 12:42:05'),
(1288, 2039, 18, -1, 0, 0, 0, 2, '2009-02-20 12:42:07'),
(1289, 2037, 18, -1, 0, 0, 0, 2, '2009-02-20 12:42:07'),
(1290, 2009, 18, -1, 0, 0, 0, 2, '2009-02-20 12:42:07'),
(1291, 2039, 18, -1, 0, 0, 0, 2, '2009-02-20 12:42:08'),
(1292, 2037, 18, -1, 0, 0, 0, 2, '2009-02-20 12:42:08'),
(1293, 2009, 18, -1, 0, 0, 0, 2, '2009-02-20 12:42:08'),
(1294, 2039, 18, 1, 0, 0, 0, 2, '2009-02-20 12:42:11'),
(1295, 2037, 18, 1, 0, 0, 0, 2, '2009-02-20 12:42:11'),
(1296, 2009, 18, 1, 0, 0, 0, 2, '2009-02-20 12:42:11'),
(1297, 2039, 18, -1, 0, 0, 0, 2, '2009-02-20 12:42:13'),
(1298, 2037, 18, -1, 0, 0, 0, 2, '2009-02-20 12:42:13'),
(1299, 2009, 18, -1, 0, 0, 0, 2, '2009-02-20 12:42:13'),
(1300, 2039, 18, -3, 0, 0, 0, 2, '2009-02-20 12:42:24'),
(1301, 2037, 18, -3, 0, 0, 0, 2, '2009-02-20 12:42:24'),
(1302, 2009, 18, -3, 0, 0, 0, 2, '2009-02-20 12:42:24'),
(1303, 2039, 18, -1, 0, 0, 0, 2, '2009-02-20 13:05:20'),
(1304, 2037, 18, -1, 0, 0, 0, 2, '2009-02-20 13:05:20'),
(1305, 2009, 18, -1, 0, 0, 0, 2, '2009-02-20 13:05:20'),
(1306, 2008, 18, -1, 0, 0, 0, 2, '2009-02-20 13:05:29'),
(1307, 2017, 18, -1, 0, 0, 0, 2, '2009-02-20 13:05:29'),
(1308, 1942, 505, -1, 0, 1, 0, 2, '2009-02-20 13:10:02'),
(1309, 2243, 3, -1, 0, 2, 0, 2, '2009-02-20 13:10:08'),
(1310, 1982, 505, -1, 0, 0, 0, 2, '2009-02-20 13:10:14'),
(1311, 2071, 101, -1, 0, 0, 0, 2, '2009-02-20 13:10:59'),
(1312, 2067, 101, -1, 0, 0, 0, 2, '2009-02-20 13:10:59'),
(1313, 2070, 101, -1, 0, 0, 0, 2, '2009-02-20 13:10:59'),
(1314, 2073, 101, -1, 0, 0, 0, 2, '2009-02-20 13:10:59'),
(1315, 2072, 101, -1, 0, 0, 0, 2, '2009-02-20 13:10:59'),
(1316, 2071, 101, -1, 0, 0, 0, 2, '2009-02-20 13:11:08'),
(1317, 2067, 101, -1, 0, 0, 0, 2, '2009-02-20 13:11:08'),
(1318, 2070, 101, -1, 0, 0, 0, 2, '2009-02-20 13:11:08'),
(1319, 2073, 101, -1, 0, 0, 0, 2, '2009-02-20 13:11:08'),
(1320, 2072, 101, -1, 0, 0, 0, 2, '2009-02-20 13:11:09'),
(1321, 2039, 18, -1, 0, 0, 0, 2, '2009-02-20 13:24:20'),
(1322, 2037, 18, -1, 0, 0, 0, 2, '2009-02-20 13:24:20'),
(1323, 2009, 18, -1, 0, 0, 0, 2, '2009-02-20 13:24:20'),
(1324, 2012, 10, -1, 0, 0, 0, 2, '2009-02-20 13:27:06'),
(1325, 2008, 10, -1, 0, 0, 0, 2, '2009-02-20 13:27:06'),
(1326, 2001, 10, -1, 0, 0, 0, 2, '2009-02-20 13:27:06'),
(1327, 2009, 10, -1, 0, 0, 0, 2, '2009-02-20 13:27:06'),
(1328, 2012, 10, -1, 0, 0, 0, 2, '2009-02-20 13:27:14'),
(1329, 2008, 10, -1, 0, 0, 0, 2, '2009-02-20 13:27:15'),
(1330, 2039, 18, -1, 0, 0, 0, 2, '2009-02-20 13:30:29'),
(1331, 2037, 18, -1, 0, 0, 0, 2, '2009-02-20 13:30:29'),
(1332, 2009, 18, -1, 0, 0, 0, 2, '2009-02-20 13:30:29'),
(1333, 2135, 302, -1, 0, 0, 0, 2, '2009-02-20 13:47:44'),
(1334, 2142, 302, -1, 0, 0, 0, 2, '2009-02-20 13:47:44'),
(1335, 2134, 302, -1, 0, 0, 0, 2, '2009-02-20 13:47:44'),
(1336, 2137, 302, -1, 0, 0, 0, 2, '2009-02-20 13:47:44'),
(1337, 2138, 302, -1, 0, 0, 0, 2, '2009-02-20 13:47:44'),
(1338, 2139, 302, -1, 0, 0, 0, 2, '2009-02-20 13:47:44'),
(1339, 2141, 302, -1, 0, 0, 0, 2, '2009-02-20 13:47:44'),
(1340, 2140, 302, -1, 0, 0, 0, 2, '2009-02-20 13:47:44'),
(1341, 2136, 302, -1, 0, 0, 0, 2, '2009-02-20 13:47:44'),
(1342, 2012, 12, -1, 0, 0, 0, 2, '2009-03-13 22:08:47'),
(1343, 2001, 12, -1, 0, 0, 0, 2, '2009-03-13 22:08:47'),
(1344, 2012, 12, -1, 0, 0, 0, 2, '2009-03-13 22:09:26'),
(1345, 2001, 12, -1, 0, 0, 0, 2, '2009-03-13 22:09:26'),
(1346, 2012, 12, -1, 0, 0, 0, 2, '2009-03-13 22:09:58'),
(1347, 2001, 12, -1, 0, 0, 0, 2, '2009-03-13 22:09:58'),
(1348, 2012, 14, -1, 0, 0, 0, 2, '2009-03-13 22:10:02'),
(1349, 2015, 14, -1, 0, 1, 0, 2, '2009-03-13 22:10:02'),
(1350, 2008, 14, -1, 0, 0, 0, 2, '2009-03-13 22:10:02'),
(1351, 2013, 14, -1, 0, 0, 0, 2, '2009-03-13 22:10:02'),
(1352, 2016, 14, -1, 0, 0, 0, 2, '2009-03-13 22:10:02'),
(1353, 2012, 12, -1, 0, 0, 0, 2, '2009-03-13 22:10:05'),
(1354, 2001, 12, -1, 0, 0, 0, 2, '2009-03-13 22:10:05'),
(1355, 2001, 12, -4, 0, 0, 0, 2, '2009-03-21 00:11:02'),
(1356, 1997, 6, -1, 0, 0, 0, 2, '2009-03-21 15:54:47'),
(1357, 1998, 6, -1, 0, 0, 0, 2, '2009-03-21 15:54:47'),
(1358, 1999, 6, -1, 0, 0, 0, 2, '2009-03-21 15:54:47'),
(1359, 1995, 6, -1, 0, 0, 0, 2, '2009-03-21 15:54:47'),
(1360, 2012, 12, -1, 0, 0, 0, 2, '2009-03-21 15:57:05'),
(1361, 2001, 12, -1, 0, 0, 0, 2, '2009-03-21 15:57:05'),
(1362, 2012, 12, -1, 0, 0, 0, 2, '2009-03-21 15:57:06'),
(1363, 2001, 12, -1, 0, 0, 0, 2, '2009-03-21 15:57:06'),
(1364, 2012, 12, -1, 0, 0, 0, 2, '2009-03-21 16:01:54'),
(1365, 2001, 12, -1, 0, 0, 0, 2, '2009-03-21 16:01:54'),
(1366, 2012, 12, -1, 0, 0, 0, 2, '2009-03-21 17:28:15'),
(1367, 2001, 12, -1, 0, 0, 0, 2, '2009-03-21 17:28:15'),
(1368, 2012, 12, -1, 0, 0, 0, 2, '2009-03-21 18:02:00'),
(1369, 2001, 12, -1, 0, 0, 0, 2, '2009-03-21 18:02:00'),
(1370, 2012, 12, -1, 0, 0, 0, 2, '2009-03-21 18:02:01'),
(1371, 2001, 12, -1, 0, 0, 0, 2, '2009-03-21 18:02:01'),
(1372, 2012, 12, -1, 0, 0, 0, 2, '2009-03-21 18:02:28'),
(1373, 2001, 12, -1, 0, 0, 0, 2, '2009-03-21 18:02:28'),
(1374, 2012, 12, -1, 0, 0, 0, 2, '2009-03-21 18:02:48'),
(1375, 2001, 12, -1, 0, 0, 0, 2, '2009-03-21 18:02:48'),
(1376, 2012, 12, -1, 0, 0, 0, 2, '2009-03-21 18:23:07'),
(1377, 2001, 12, -1, 0, 0, 0, 2, '2009-03-21 18:23:07'),
(1378, 2012, 12, -1, 0, 0, 0, 2, '2009-03-21 18:24:01'),
(1379, 2001, 12, -1, 0, 0, 0, 2, '2009-03-21 18:24:01'),
(1380, 2012, 12, -1, 0, 0, 0, 2, '2009-03-21 18:24:24'),
(1381, 2001, 12, -1, 0, 0, 0, 2, '2009-03-21 18:24:24'),
(1382, 2012, 12, -1, 0, 0, 0, 2, '2009-03-21 18:24:41'),
(1383, 2001, 12, -1, 0, 0, 0, 2, '2009-03-21 18:24:41'),
(1384, 2012, 12, -1, 0, 0, 0, 2, '2009-03-21 18:24:46'),
(1385, 2001, 12, -1, 0, 0, 0, 2, '2009-03-21 18:24:46'),
(1386, 2012, 12, -1, 0, 0, 0, 2, '2009-03-21 18:30:24'),
(1387, 2001, 12, -1, 0, 0, 0, 2, '2009-03-21 18:30:24'),
(1388, 2012, 12, -1, 0, 0, 0, 2, '2009-03-21 18:30:34'),
(1389, 2001, 12, -1, 0, 0, 0, 2, '2009-03-21 18:30:34'),
(1390, 2012, 12, 1, 0, 0, 0, 2, '2009-03-21 18:31:11'),
(1391, 2001, 12, 1, 0, 0, 0, 2, '2009-03-21 18:31:11'),
(1392, 2012, 12, -1, 0, 0, 0, 2, '2009-03-21 18:31:13'),
(1393, 2001, 12, -1, 0, 0, 0, 2, '2009-03-21 18:31:13'),
(1394, 2012, 12, 1, 0, 0, 0, 2, '2009-03-21 18:31:21'),
(1395, 2001, 12, 1, 0, 0, 0, 2, '2009-03-21 18:31:21'),
(1396, 2012, 12, -1, 0, 0, 0, 2, '2009-03-21 18:31:23'),
(1397, 2001, 12, -1, 0, 0, 0, 2, '2009-03-21 18:31:23'),
(1398, 2012, 12, 1, 0, 0, 0, 2, '2009-03-21 18:31:27'),
(1399, 2001, 12, 1, 0, 0, 0, 2, '2009-03-21 18:31:27'),
(1400, 2012, 12, -1, 0, 0, 0, 2, '2009-03-21 18:31:31'),
(1401, 2001, 12, -1, 0, 0, 0, 2, '2009-03-21 18:31:31'),
(1402, 2012, 12, -1, 0, 0, 0, 2, '2009-03-21 18:34:39'),
(1403, 2001, 12, -1, 0, 0, 0, 2, '2009-03-21 18:34:39'),
(1404, 2012, 12, -1, 0, 0, 0, 2, '2009-03-21 18:34:40'),
(1405, 2001, 12, -1, 0, 0, 0, 2, '2009-03-21 18:34:40'),
(1406, 2012, 12, -1, 0, 0, 0, 2, '2009-03-21 18:36:36'),
(1407, 2001, 12, -1, 0, 0, 0, 2, '2009-03-21 18:36:36'),
(1408, 2012, 12, -1, 0, 0, 0, 2, '2009-03-21 18:36:37'),
(1409, 2001, 12, -1, 0, 0, 0, 2, '2009-03-21 18:36:37'),
(1410, 2039, 21, -1, 0, 0, 0, 2, '2009-03-21 18:36:38'),
(1411, 2048, 21, -1, 0, 0, 0, 2, '2009-03-21 18:36:38'),
(1412, 2049, 21, -1, 0, 0, 0, 2, '2009-03-21 18:36:38'),
(1413, 2009, 21, -1, 0, 0, 0, 2, '2009-03-21 18:36:38'),
(1414, 2051, 21, -1, 0, 0, 0, 2, '2009-03-21 18:36:38'),
(1415, 2050, 21, -1, 0, 0, 0, 2, '2009-03-21 18:36:38'),
(1416, 2012, 12, -1, 0, 0, 0, 2, '2009-03-21 18:37:16'),
(1417, 2001, 12, -1, 0, 0, 0, 2, '2009-03-21 18:37:16'),
(1418, 2012, 12, -1, 0, 0, 0, 2, '2009-03-21 18:37:16'),
(1419, 2001, 12, -1, 0, 0, 0, 2, '2009-03-21 18:37:16'),
(1420, 2012, 12, -1, 0, 0, 0, 2, '2009-03-21 18:37:17'),
(1421, 2001, 12, -1, 0, 0, 0, 2, '2009-03-21 18:37:17'),
(1422, 2012, 12, -1, 0, 0, 0, 2, '2009-03-21 18:37:17'),
(1423, 2001, 12, -1, 0, 0, 0, 2, '2009-03-21 18:37:17'),
(1424, 2012, 12, -1, 0, 0, 0, 2, '2009-03-21 18:37:18'),
(1425, 2001, 12, -1, 0, 0, 0, 2, '2009-03-21 18:37:18'),
(1426, 2012, 12, -1, 0, 0, 0, 2, '2009-03-21 18:39:44'),
(1427, 2001, 12, -1, 0, 0, 0, 2, '2009-03-21 18:39:44'),
(1428, 2012, 12, -1, 0, 0, 0, 2, '2009-03-21 18:39:45'),
(1429, 2001, 12, -1, 0, 0, 0, 2, '2009-03-21 18:39:45'),
(1430, 2012, 12, -1, 0, 0, 0, 2, '2009-03-21 18:39:45'),
(1431, 2001, 12, -1, 0, 0, 0, 2, '2009-03-21 18:39:45'),
(1432, 1991, 2, -1, 0, 0, 0, 2, '2009-03-21 20:30:04'),
(1433, 1993, 2, -1, 0, 0, 0, 2, '2009-03-21 20:30:04'),
(1434, 1992, 2, -1, 0, 0, 0, 2, '2009-03-21 20:30:04'),
(1435, 1989, 2, -1, 0, 0, 0, 2, '2009-03-21 20:30:04'),
(1436, 1990, 2, -1, 0, 0, 0, 2, '2009-03-21 20:30:04'),
(1437, 1997, 6, -1, 0, 0, 0, 2, '2009-03-21 20:53:35'),
(1438, 1998, 6, -1, 0, 0, 0, 2, '2009-03-21 20:53:35'),
(1439, 1999, 6, -1, 0, 0, 0, 2, '2009-03-21 20:53:35'),
(1440, 1995, 6, -1, 0, 0, 0, 2, '2009-03-21 20:53:35'),
(1441, 2007, 7, -1, 0, 0, 0, 2, '2009-03-21 20:53:35'),
(1442, 2001, 7, -1, 0, 0, 0, 2, '2009-03-21 20:53:35'),
(1443, 2005, 7, -1, 0, 0, 0, 2, '2009-03-21 20:53:35'),
(1444, 2006, 7, -1, 0, 0, 0, 2, '2009-03-21 20:53:35'),
(1445, 2004, 7, -1, 0, 0, 0, 2, '2009-03-21 20:53:35'),
(1446, 2012, 12, -1, 0, 0, 0, 2, '2009-03-21 21:19:18'),
(1447, 2001, 12, -1, 0, 0, 0, 2, '2009-03-21 21:19:18'),
(1448, 2012, 12, -1, 0, 0, 0, 2, '2009-03-21 21:19:19'),
(1449, 2001, 12, -1, 0, 0, 0, 2, '2009-03-21 21:19:19'),
(1450, 2012, 12, -1, 0, 0, 0, 2, '2009-03-21 21:19:20'),
(1451, 2001, 12, -1, 0, 0, 0, 2, '2009-03-21 21:19:20'),
(1452, 2012, 12, -1, 0, 0, 0, 2, '2009-03-21 21:45:25'),
(1453, 2001, 12, -1, 0, 0, 0, 2, '2009-03-21 21:45:25'),
(1454, 2114, 103, -1, 0, 0, 0, 2, '2009-03-21 23:30:33'),
(1455, 2083, 103, -1, 0, 0, 0, 2, '2009-03-21 23:30:33'),
(1456, 2078, 103, -1, 0, 0, 0, 2, '2009-03-21 23:30:33'),
(1457, 2079, 103, -1, 0, 0, 0, 2, '2009-03-21 23:30:33'),
(1458, 2007, 19, -1, 0, 0, 0, 2, '2009-03-21 23:42:07'),
(1459, 2017, 19, -1, 0, 0, 0, 2, '2009-03-21 23:42:07'),
(1460, 2040, 19, -1, 0, 0, 0, 2, '2009-03-21 23:42:07'),
(1461, 2019, 19, -1, 0, 0, 0, 2, '2009-03-21 23:42:07'),
(1462, 2180, 203, -1, 0, 0, 0, 2, '2009-03-22 00:02:45'),
(1463, 2174, 203, -1, -0.002, 1, -0.0456, 2, '2009-03-22 00:02:45'),
(1464, 2182, 203, -1, 0, 0, 0, 2, '2009-03-22 00:02:45'),
(1465, 2236, 209, -1, 0, 0, 0, 2, '2009-03-22 00:02:46'),
(1466, 2238, 209, -1, 0, 0, 0, 2, '2009-03-22 00:02:46'),
(1467, 2234, 209, -1, 0, 0, 0, 2, '2009-03-22 00:02:46'),
(1468, 2237, 209, -1, 0, 0, 0, 2, '2009-03-22 00:02:46'),
(1469, 2183, 209, -1, 0, 0, 0, 2, '2009-03-22 00:02:46'),
(1470, 2235, 209, -1, 0, 0, 0, 2, '2009-03-22 00:02:46'),
(1471, 2018, 15, -1, 0, 0, 0, 2, '2009-03-22 00:31:10'),
(1472, 2017, 15, -1, 0, 0, 0, 2, '2009-03-22 00:31:10'),
(1473, 2022, 15, -1, 0, 0, 0, 2, '2009-03-22 00:31:10'),
(1474, 2020, 15, -1, 0, 0, 0, 2, '2009-03-22 00:31:10'),
(1475, 2021, 15, -1, 0, 0, 0, 2, '2009-03-22 00:31:10'),
(1476, 2018, 15, -1, 0, 0, 0, 2, '2009-03-22 00:31:26'),
(1477, 2017, 15, -1, 0, 0, 0, 2, '2009-03-22 00:31:26'),
(1478, 2022, 15, -1, 0, 0, 0, 2, '2009-03-22 00:31:26'),
(1479, 2180, 203, -1, 0, 0, 0, 2, '2009-03-22 00:33:44'),
(1480, 2174, 203, -1, -0.002, 1, -0.0456, 2, '2009-03-22 00:33:44'),
(1481, 2182, 203, -1, 0, 0, 0, 2, '2009-03-22 00:33:44'),
(1482, 2183, 202, -1, 0, 0, 0, 2, '2009-03-22 00:33:45'),
(1483, 2012, 12, -1, 0, 0, 0, 2, '2009-03-22 00:33:49'),
(1484, 2001, 12, -1, 0, 0, 0, 2, '2009-03-22 00:33:49'),
(1485, 2018, 15, -1, 0, 0, 0, 2, '2009-03-22 00:33:50'),
(1486, 2017, 15, -1, 0, 0, 0, 2, '2009-03-22 00:33:50'),
(1487, 2022, 15, -1, 0, 0, 0, 2, '2009-03-22 00:33:50'),
(1488, 2020, 15, -1, 0, 0, 0, 2, '2009-03-22 00:33:50'),
(1489, 2021, 15, -1, 0, 0, 0, 2, '2009-03-22 00:33:50'),
(1490, 2071, 101, -1, 0, 0, 0, 2, '2009-04-16 17:51:14'),
(1491, 2067, 101, -1, 0, 0, 0, 2, '2009-04-16 17:51:14'),
(1492, 2070, 101, -1, 0, 0, 0, 2, '2009-04-16 17:51:14'),
(1493, 2073, 101, -1, 0, 0, 0, 2, '2009-04-16 17:51:14'),
(1494, 2072, 101, -1, 0, 0, 0, 2, '2009-04-16 17:51:14'),
(1495, 2071, 101, 1, 0, 0, 0, 2, '2009-04-16 17:51:17'),
(1496, 2067, 101, 1, 0, 0, 0, 2, '2009-04-16 17:51:17'),
(1497, 2070, 101, 1, 0, 0, 0, 2, '2009-04-16 17:51:17'),
(1498, 2073, 101, 1, 0, 0, 0, 2, '2009-04-16 17:51:17'),
(1499, 2072, 101, 1, 0, 0, 0, 2, '2009-04-16 17:51:17'),
(1500, 2007, 7, -1, 0, 0, 0, 2, '2009-04-16 17:51:19'),
(1501, 2001, 7, -1, 0, 0, 0, 2, '2009-04-16 17:51:19'),
(1502, 2005, 7, -1, 0, 0, 0, 2, '2009-04-16 17:51:19'),
(1503, 2006, 7, -1, 0, 0, 0, 2, '2009-04-16 17:51:19'),
(1504, 2004, 7, -1, 0, 0, 0, 2, '2009-04-16 17:51:19'),
(1505, 2007, 7, -1, 0, 0, 0, 2, '2009-04-16 17:51:20'),
(1506, 2001, 7, -1, 0, 0, 0, 2, '2009-04-16 17:51:20'),
(1507, 2005, 7, -1, 0, 0, 0, 2, '2009-04-16 17:51:20'),
(1508, 2006, 7, -1, 0, 0, 0, 2, '2009-04-16 17:51:20'),
(1509, 2004, 7, -1, 0, 0, 0, 2, '2009-04-16 17:51:20'),
(1510, 2007, 7, -3, 0, 0, 0, 2, '2009-04-16 17:51:27'),
(1511, 2001, 7, -3, 0, 0, 0, 2, '2009-04-16 17:51:27'),
(1512, 2005, 7, -3, 0, 0, 0, 2, '2009-04-16 17:51:27'),
(1513, 2006, 7, -3, 0, 0, 0, 2, '2009-04-16 17:51:27'),
(1514, 2004, 7, -3, 0, 0, 0, 2, '2009-04-16 17:51:27'),
(1515, 2012, 12, -1, 0, 0, 0, 2, '2009-04-16 17:51:40'),
(1516, 2001, 12, -1, 0, 0, 0, 2, '2009-04-16 17:51:40'),
(1517, 2018, 16, -1, 0, 0, 0, 2, '2009-04-16 17:51:42'),
(1518, 2017, 16, -1, 0, 0, 0, 2, '2009-04-16 17:51:42'),
(1519, 2022, 16, -1, 0, 0, 0, 2, '2009-04-16 17:51:42'),
(1520, 2020, 16, -1, 0, 0, 0, 2, '2009-04-16 17:51:42'),
(1521, 2019, 16, -1, 0, 0, 0, 2, '2009-04-16 17:51:42'),
(1522, 2021, 16, -1, 0, 0, 0, 2, '2009-04-16 17:51:42'),
(1523, 2012, 12, -1, 0, 0, 0, 2, '2009-04-16 18:05:16'),
(1524, 2001, 12, -1, 0, 0, 0, 2, '2009-04-16 18:05:16'),
(1525, 1997, 6, -1, 0, 0, 0, 2, '2009-05-05 19:20:35'),
(1526, 1998, 6, -1, 0, 0, 0, 2, '2009-05-05 19:20:35'),
(1527, 1999, 6, -1, 0, 0, 0, 2, '2009-05-05 19:20:35'),
(1528, 1995, 6, -1, 0, 0, 0, 2, '2009-05-05 19:20:35'),
(1529, 2018, 15, -1, 0, 0, 0, 2, '2009-05-05 19:20:37'),
(1530, 2017, 15, -1, 0, 0, 0, 2, '2009-05-05 19:20:37'),
(1531, 2022, 15, -1, 0, 0, 0, 2, '2009-05-05 19:20:37'),
(1532, 2020, 15, -1, 0, 0, 0, 2, '2009-05-05 19:20:37'),
(1533, 2021, 15, -1, 0, 0, 0, 2, '2009-05-05 19:20:37'),
(1534, 2012, 12, -1, 0, 0, 0, 2, '2009-05-05 19:29:40'),
(1535, 2001, 12, -1, 0, 0, 0, 2, '2009-05-05 19:29:40'),
(1536, 2012, 12, -1, 0, 0, 0, 2, '2009-05-05 19:29:44'),
(1537, 2001, 12, -1, 0, 0, 0, 2, '2009-05-05 19:29:44'),
(1538, 2018, 16, -1, 0, 0, 0, 2, '2009-05-05 19:29:47'),
(1539, 2017, 16, -1, 0, 0, 0, 2, '2009-05-05 19:29:47'),
(1540, 2022, 16, -1, 0, 0, 0, 2, '2009-05-05 19:29:47'),
(1541, 2020, 16, -1, 0, 0, 0, 2, '2009-05-05 19:29:47'),
(1542, 2019, 16, -1, 0, 0, 0, 2, '2009-05-05 19:29:47'),
(1543, 2021, 16, -1, 0, 0, 0, 2, '2009-05-05 19:29:47'),
(1544, 1997, 6, -1, 0, 0, 0, 2, '2009-05-05 19:56:21'),
(1545, 1998, 6, -1, 0, 0, 0, 2, '2009-05-05 19:56:21'),
(1546, 1999, 6, -1, 0, 0, 0, 2, '2009-05-05 19:56:21'),
(1547, 1995, 6, -1, 0, 0, 0, 2, '2009-05-05 19:56:21'),
(1548, 654, 0, 0, 12, 0, 25, 1, '2009-05-08 00:00:00'),
(1549, 1279, 0, 0, 12, 0, 25, 1, '2009-05-08 00:00:00'),
(1550, 1673, 0, 0, 12, 0, 25, 1, '2009-05-08 00:00:00'),
(1551, 1959, 0, 0, 12, 0, 25, 1, '2009-05-08 00:00:00'),
(1552, 279, 0, 0, 20, 0, 35, 1, '2009-05-08 00:00:00'),
(1553, 675, 0, 0, 20, 0, 35, 1, '2009-05-08 00:00:00'),
(1554, 1300, 0, 0, 20, 0, 35, 1, '2009-05-08 00:00:00'),
(1555, 1690, 0, 0, 20, 0, 35, 1, '2009-05-08 00:00:00'),
(1556, 1980, 0, 0, 20, 0, 35, 1, '2009-05-08 00:00:00'),
(1557, 336, 0, 0, 12, 0, 20, 1, '2009-05-08 00:00:00'),
(1558, 657, 0, 0, 12, 0, 20, 1, '2009-05-08 00:00:00'),
(1559, 1282, 0, 0, 12, 0, 20, 1, '2009-05-08 00:00:00'),
(1560, 1676, 0, 0, 12, 0, 20, 1, '2009-05-08 00:00:00'),
(1561, 1962, 0, 0, 12, 0, 20, 1, '2009-05-08 00:00:00'),
(1562, 443, 0, 0, 20, 0, 13, 1, '2009-05-19 00:00:00'),
(1563, 922, 0, 0, 20, 0, 13, 1, '2009-05-19 00:00:00'),
(1564, 1547, 0, 0, 20, 0, 13, 1, '2009-05-19 00:00:00'),
(1565, 1900, 0, 0, 20, 0, 13, 1, '2009-05-19 00:00:00'),
(1566, 2227, 0, 0, 20, 0, 13, 1, '2009-05-19 00:00:00'),
(1567, 443, 0, 0, 12, 0, 12, 1, '2009-05-19 00:00:00'),
(1568, 922, 0, 0, 12, 0, 12, 1, '2009-05-19 00:00:00'),
(1569, 1547, 0, 0, 12, 0, 12, 1, '2009-05-19 00:00:00'),
(1570, 1900, 0, 0, 12, 0, 12, 1, '2009-05-19 00:00:00'),
(1571, 2227, 0, 0, 12, 0, 12, 1, '2009-05-19 00:00:00'),
(1572, 443, 0, 0, 1, 0, 1, 1, '2009-05-19 00:00:00'),
(1573, 922, 0, 0, 1, 0, 1, 1, '2009-05-19 00:00:00'),
(1574, 1547, 0, 0, 1, 0, 1, 1, '2009-05-19 00:00:00'),
(1575, 1900, 0, 0, 1, 0, 1, 1, '2009-05-19 00:00:00'),
(1576, 2227, 0, 0, 1, 0, 1, 1, '2009-05-19 00:00:00'),
(1577, 81, 0, 0, 2, 0, 2, 1, '2009-05-19 00:00:00'),
(1578, 318, 0, 0, 2, 0, 2, 1, '2009-05-19 00:00:00'),
(1579, 631, 0, 0, 2, 0, 2, 1, '2009-05-19 00:00:00'),
(1580, 961, 0, 0, 2, 0, 2, 1, '2009-05-19 00:00:00'),
(1581, 1256, 0, 0, 2, 0, 2, 1, '2009-05-19 00:00:00'),
(1582, 1645, 0, 0, 2, 0, 2, 1, '2009-05-19 00:00:00'),
(1583, 1937, 0, 0, 2, 0, 2, 1, '2009-05-19 00:00:00'),
(1584, 2109, 0, 0, 4, 0, 4, 1, '2009-05-21 00:00:00');

-- --------------------------------------------------------

--
-- Table structure for table `stock_objects`
--

DROP TABLE IF EXISTS `stock_objects`;
CREATE TABLE IF NOT EXISTS `stock_objects` (
  `id` bigint(20) NOT NULL auto_increment,
  `name` text NOT NULL,
  `ref_type` tinyint(4) NOT NULL default '0',
  `ref_id` bigint(20) NOT NULL default '0',
  `quantity` float NOT NULL default '0',
  `unit_type` tinyint(4) NOT NULL default '0',
  `value` float NOT NULL default '0',
  `deleted` tinyint(4) NOT NULL default '0',
  `stock_is_on` tinyint(4) NOT NULL default '1',
  PRIMARY KEY  (`id`),
  KEY `name` (`name`(10)),
  KEY `ref_id` (`ref_id`)
) ENGINE=MyISAM  DEFAULT CHARSET=latin1 AUTO_INCREMENT=2248 ;

--
-- Dumping data for table `stock_objects`
--

INSERT INTO `stock_objects` (`id`, `name`, `ref_type`, `ref_id`, `quantity`, `unit_type`, `value`, `deleted`, `stock_is_on`) VALUES
(1914, 'parmigiano', 2, 58, 0, 0, 0, 0, 1),
(1916, 'Prosciutto cotto', 2, 3, 0, 0, 0, 0, 1),
(1917, 'Prosciutto crudo', 2, 1, 0, 0, 0, 0, 1),
(1918, 'Funghi', 2, 2, -1.25, 0, 0, 0, 1),
(1919, 'Salsiccia', 2, 4, 0, 0, 0, 0, 1),
(1920, 'Mozzarella', 2, 5, 10, 1, 2, 0, 1),
(1921, 'Pomodoro', 2, 6, 10, 1, 1.5, 0, 1),
(1922, 'Prosciutto, fetta', 2, 7, 0, 0, 0, 0, 1),
(1923, 'Carciofi', 2, 8, 0, 0, 0, 0, 1),
(1924, 'Porcini', 2, 9, 0, 0, 0, 0, 1),
(1926, 'Baccal', 2, 11, 0, 0, 0, 0, 1),
(1927, 'Speck', 2, 12, 0, 0, 0, 0, 1),
(1928, 'Grana Scaglie', 2, 13, 0, 0, 0, 0, 1),
(1929, 'Rucola', 2, 14, 0, 0, 0, 0, 1),
(1930, 'Patate Fritte', 2, 16, 0, 0, 0, 0, 1),
(1931, 'Pancetta', 2, 17, 0, 1, 0, 0, 1),
(1932, 'Tonno', 2, 18, 0, 0, 0, 0, 1),
(1933, 'Mais', 2, 19, 0, 0, 0, 0, 1),
(1934, 'Gorgonzola', 2, 20, 0, 0, 0, 0, 1),
(1935, 'Pomodoro Fresco', 2, 21, 0, 0, 0, 0, 1),
(1936, 'Zucchine', 2, 22, 0, 0, 0, 0, 1),
(1937, 'Asparagi', 2, 23, 2, 0, 1, 0, 1),
(1938, 'Scamorza', 2, 25, 0, 0, 0, 0, 1),
(1939, 'Radicchio', 2, 26, 0, 0, 0, 0, 1),
(1940, 'Basilico', 2, 27, 0, 0, 0, 0, 1),
(1941, 'Squacquerone', 2, 28, 0, 0, 0, 0, 1),
(1942, 'Acciughe', 2, 29, 0, 1, 0, 0, 1),
(1943, 'Capperi', 2, 30, 0, 0, 0, 0, 1),
(1944, 'Olive Nere', 2, 31, 0, 0, 0, 0, 1),
(1945, 'Peperoni', 2, 32, 0, 0, 0, 0, 1),
(1946, 'Formaggi', 2, 33, 0, 0, 0, 0, 1),
(1947, 'Melanzane', 2, 34, 0, 0, 0, 0, 1),
(1948, 'Uovo sodo', 2, 35, 0, 0, 0, 0, 1),
(1949, 'Uovo O.B.', 2, 36, 0, 0, 0, 0, 1),
(1950, 'Wurstel', 2, 37, 0, 0, 0, 0, 1),
(1951, 'Spinaci', 2, 38, 0, 0, 0, 0, 1),
(1952, 'Cipolla', 2, 39, 0, 0, 0, 0, 1),
(1953, '(doppio pomodoro)', 2, 41, 0, 0, 0, 0, 1),
(1954, '(ben cotta)', 2, 42, 0, 0, 0, 0, 1),
(1955, '(poco cotta)', 2, 43, 0, 0, 0, 0, 1),
(1956, '(doppio impasto)', 2, 44, 0, 0, 0, 0, 1),
(1957, '(baby)', 2, 45, 0, 0, 0, 0, 1),
(1958, '(stesa)', 2, 46, 0, 0, 0, 0, 1),
(1959, '(doppia mozzarella)', 2, 48, 0, 0, 0, 0, 1),
(1960, 'Sale', 2, 49, 0, 0, 0, 0, 1),
(1961, 'Olio', 2, 50, 0, 0, 0, 0, 1),
(1962, 'Aglio', 2, 51, 0, 0, 0, 0, 1),
(1963, 'Prezzemolo', 2, 52, 0, 0, 0, 0, 1),
(1964, 'Emmental', 2, 53, 1, 1, 6.5, 0, 1),
(1965, 'Fontina', 2, 54, 0, 0, 0, 0, 1),
(1966, 'Speck in forno', 2, 55, 0, 0, 0, 0, 1),
(1967, 'Riso', 2, 56, 0, 0, 0, 0, 1),
(1968, 'Pecorino', 2, 57, 0, 0, 0, 0, 1),
(1969, 'Salmone', 2, 59, 0, 0, 0, 0, 1),
(1970, 'Piselli', 2, 60, 0, 0, 0, 0, 1),
(1971, 'Uovo Sbattuto', 2, 61, 0, 0, 0, 0, 1),
(1972, 'Baby', 2, 62, 0, 0, 0, 0, 1),
(1973, 'Rare', 2, 63, 0, 0, 0, 0, 1),
(1974, '(CM)', 2, 64, 0, 0, 0, 0, 1),
(1975, 'Ben cotto', 2, 65, 0, 0, 0, 0, 1),
(1976, 'Frutti di bosco', 2, 66, 0, 0, 0, 0, 1),
(1978, 'affogato al caff', 2, 69, 0, 0, 0, 0, 1),
(1979, 'affogato al caff decaffeinato', 2, 70, 0, 0, 0, 0, 1),
(1980, 'affogato Gran Marnier', 2, 71, 0, 0, 0, 0, 1),
(1981, 'affogato al caff d''orzo', 2, 72, 0, 0, 0, 0, 1),
(1983, 'Limone', 2, 74, 0, 0, 0, 0, 1),
(1984, 'Zucchero', 2, 75, 0, 0, 0, 0, 1),
(1985, 'Torta di ricotta', 2, 76, 0, 0, 0, 0, 1),
(1986, 'fiamminga', 2, 323, 0, 0, 0, 0, 1),
(1987, 'ciocc.fuso', 2, 78, 0, 0, 0, 0, 1),
(1988, 'ghiaccio', 2, 79, 0, 0, 0, 0, 1),
(1989, 'Tomino', 2, 80, 0, 0, 0, 0, 1),
(1990, 'zucc.grigl.', 2, 81, 0, 0, 0, 0, 1),
(1991, 'mel.grigl.', 2, 82, 0, 0, 0, 0, 1),
(1992, 'rad.grigl.', 2, 83, 0, 0, 0, 0, 1),
(1993, 'pomod.grigl.', 2, 84, 0, 0, 0, 0, 1),
(1994, 'scondito', 2, 85, 0, 0, 0, 0, 1),
(1995, 'pane tost.', 2, 86, 0, 0, 0, 0, 1),
(1996, 'crema porc.', 2, 87, 0, 0, 0, 0, 1),
(1997, 'crema carciofi', 2, 88, 0, 0, 0, 0, 1),
(1998, 'crema picc.', 2, 89, 0, 0, 0, 0, 1),
(1999, 'crema tartufo', 2, 90, 0, 0, 0, 0, 1),
(2000, 'champignon', 2, 91, 0, 0, 0, 0, 1),
(2001, 'P. crudo', 2, 92, 0, 0, 0, 0, 1),
(2002, 'panna', 2, 93, 0, 0, 0, 0, 1),
(2003, 'prezzemolo', 2, 94, 0, 0, 0, 0, 1),
(2004, 'zucch e form.', 2, 95, 0, 0, 0, 0, 1),
(2005, 'pomod. e mel.', 2, 96, 0, 0, 0, 0, 1),
(2006, 'squacq. e rucola', 2, 97, 0, 0, 0, 0, 1),
(2007, 'funghi', 2, 98, 0, 0, 0, 0, 1),
(2008, 'fontina', 2, 99, 0, 0, 0, 0, 1),
(2009, 'pomod.fresco', 2, 100, 0, 0, 0, 0, 1),
(2010, 'sottile', 2, 101, 0, 0, 0, 0, 1),
(2011, 'Baby', 2, 102, 0, 0, 0, 0, 1),
(2012, 'aglio', 2, 103, 0, 0, 0, 0, 1),
(2013, 'porcini', 2, 104, 0, 0, 0, 0, 1),
(2014, 'verdure', 2, 105, 0, 0, 0, 0, 1),
(2015, 'asparagi', 2, 106, 1.574, 1, 7.05882, 0, 1),
(2016, 'speck', 2, 107, 0, 0, 0, 0, 1),
(2017, 'grana', 2, 108, 0, 0, 0, 0, 1),
(2018, 'carpaccio', 2, 110, 0, 1, 0, 0, 1),
(2019, 'rucola', 2, 111, 0, 0, 0, 0, 1),
(2020, 'olio', 2, 112, 0, 0, 0, 0, 1),
(2021, 'sale', 2, 113, 0, 0, 0, 0, 1),
(2022, 'limone', 2, 114, 0, 0, 0, 0, 1),
(2023, 'sotto oli', 2, 115, 0, 0, 0, 0, 1),
(2024, 'bruschettina', 2, 116, 0, 0, 0, 0, 1),
(2025, 'sambuca', 2, 117, 0, 0, 0, 0, 1),
(2026, 'stravecchio', 2, 118, 0, 0, 0, 0, 1),
(2027, 'baileys', 2, 119, 0, 0, 0, 0, 1),
(2028, 'grappa', 2, 120, 0, 0, 0, 0, 1),
(2029, 'Fernet Branca', 2, 121, 0, 0, 0, 0, 1),
(2030, 'averna', 2, 122, 0, 0, 0, 0, 1),
(2031, 'alto', 2, 123, 0, 0, 0, 0, 1),
(2032, 'basso', 2, 124, 0, 0, 0, 0, 1),
(2033, 'Macchiato caldo', 2, 125, 0, 0, 0, 0, 1),
(2034, 'Macchiato freddo', 2, 126, 0, 0, 0, 0, 1),
(2035, 'Tazza piccola', 2, 127, 0, 0, 0, 0, 1),
(2036, 'Tazza G.', 2, 128, 0, 0, 0, 0, 1),
(2037, 'mozzarella', 2, 129, 0, 0, 0, 0, 1),
(2039, 'basilico', 2, 131, 0, 0, 0, 0, 1),
(2040, 'pinoli', 2, 132, 0, 1, 0, 0, 1),
(2041, 'ceci', 2, 133, 0, 0, 0, 0, 1),
(2042, 'cipollotto', 2, 134, 0, 0, 0, 0, 1),
(2043, 'sedano', 2, 135, 0, 0, 0, 0, 1),
(2044, 'ravanelli', 2, 136, 0, 0, 0, 0, 1),
(2045, 'tonno', 2, 137, 0, 0, 0, 0, 1),
(2046, 'olive', 2, 138, 0, 0, 0, 0, 1),
(2047, 'arrabbiata', 2, 324, 0, 0, 0, 0, 1),
(2048, 'patate', 2, 140, 0, 0, 0, 0, 1),
(2049, 'peperoni', 2, 141, 0, 0, 0, 0, 1),
(2050, 'uovo', 2, 142, 0, 0, 0, 0, 1),
(2051, 'salame', 2, 143, 0, 0, 0, 0, 1),
(2052, 'gamberi', 2, 144, 0, 0, 0, 0, 1),
(2053, 'avocado', 2, 145, 10, 0, 3, 0, 1),
(2054, 'salsa rosa', 2, 146, 0, 0, 0, 0, 1),
(2055, 'aceto bals', 2, 147, 0, 0, 0, 0, 1),
(2056, 'pancetta', 2, 148, 0, 0, 0, 0, 1),
(2057, 'Radicchio', 2, 149, 0, 0, 0, 0, 1),
(2058, 'ins.verde', 2, 150, 0, 0, 0, 0, 1),
(2059, 'piadina', 2, 151, 0, 0, 0, 0, 1),
(2060, 'coppa', 2, 152, 0, 0, 0, 0, 1),
(2061, 'pecorino', 2, 153, 0, 0, 0, 0, 1),
(2062, 'squacquerone', 2, 154, 0, 0, 0, 0, 1),
(2063, 'lombetto', 2, 155, 0, 0, 0, 0, 1),
(2064, 'scamorza', 2, 156, 0, 0, 0, 0, 1),
(2066, 'bresaola', 2, 158, 0, 0, 0, 0, 1),
(2067, 'garganello', 2, 159, 0, 0, 0, 0, 1),
(2068, 'porcini', 2, 160, 0, 0, 0, 0, 1),
(2069, 'zucchine', 2, 161, 0, 0, 0, 0, 1),
(2070, 'mel', 2, 163, 0, 0, 0, 0, 1),
(2071, 'fagioli', 2, 164, 0, 0, 0, 0, 1),
(2072, 'zucch', 2, 165, 0, 0, 0, 0, 1),
(2073, 'peper', 2, 166, 0, 0, 0, 0, 1),
(2074, 'pom.gr', 2, 221, 0, 0, 0, 0, 1),
(2075, 'gorgonzola', 2, 168, 0, 0, 0, 0, 1),
(2076, 'noci', 2, 169, 0, 0, 0, 0, 1),
(2077, 'gramigna', 2, 170, 0, 0, 0, 0, 1),
(2078, 'salsiccia', 2, 171, 0, 0, 0, 0, 1),
(2079, 'spinaci', 2, 172, 0, 0, 0, 0, 1),
(2080, 'pom.fresco', 2, 173, 0, 0, 0, 0, 1),
(2081, 'asparago', 2, 174, 0, 0, 0, 0, 1),
(2082, 'broccolo', 2, 175, 0, 0, 0, 0, 1),
(2083, 'grana', 2, 176, 0, 0, 0, 0, 1),
(2084, 'prezzemolo', 2, 177, 0, 0, 0, 0, 1),
(2085, 'burro', 2, 178, 0, 0, 0, 0, 1),
(2086, 'salvia', 2, 179, 0, 0, 0, 0, 1),
(2087, 'olio', 2, 180, 0, 0, 0, 0, 1),
(2088, 'agnello', 2, 181, 0, 0, 0, 0, 1),
(2089, 'speck', 2, 182, 0, 0, 0, 0, 1),
(2090, 'basilico', 2, 183, 0, 0, 0, 0, 1),
(2091, 'tonno', 2, 184, 0, 0, 0, 0, 1),
(2092, 'olive', 2, 185, 0, 0, 0, 0, 1),
(2093, 'pomod (salsa)', 2, 186, 0, 0, 0, 0, 1),
(2094, 'panna', 2, 187, 0, 0, 0, 0, 1),
(2095, 'rag', 2, 188, 0, 0, 0, 0, 1),
(2096, 'pesto', 2, 189, 0, 0, 0, 0, 1),
(2097, 'peperoni', 2, 190, 0, 0, 0, 0, 1),
(2098, 'prosciutto', 2, 191, 0, 0, 0, 0, 1),
(2099, 'scalogno', 2, 192, 0, 0, 0, 0, 1),
(2100, 'gamberi', 2, 193, 0, 0, 0, 0, 1),
(2101, 'brandy', 2, 194, 0, 0, 0, 0, 1),
(2102, 'rucola', 2, 195, 0, 0, 0, 0, 1),
(2103, 'taleggio', 2, 196, 0, 0, 0, 0, 1),
(2104, 'cotto', 2, 197, 0, 0, 0, 0, 1),
(2105, 'pancetta aff.', 2, 198, 0, 0, 0, 0, 1),
(2106, 'pepe', 2, 199, 0, 0, 0, 0, 1),
(2107, 'uovo', 2, 200, 0, 0, 0, 0, 1),
(2108, 'sale', 2, 201, 0, 0, 0, 0, 1),
(2109, 'aglio', 2, 202, 4, 0, 1, 0, 1),
(2110, 'peperoncino', 2, 203, 0, 0, 0, 0, 1),
(2111, 'salmone', 2, 204, 0, 0, 0, 0, 1),
(2112, 'vodka', 2, 205, 0, 0, 0, 0, 1),
(2113, 'gnocco', 2, 206, 0, 0, 0, 0, 1),
(2114, 'gramigna', 2, 207, 0, 0, 0, 0, 1),
(2115, 'crespelle', 2, 208, 20, 1, 1, 0, 1),
(2116, 'linguine', 2, 209, 0, 0, 0, 0, 1),
(2117, 'penne', 2, 210, 0, 0, 0, 0, 1),
(2118, 'ravioli', 2, 211, 0, 0, 0, 0, 1),
(2119, 'riso', 2, 212, 0, 0, 0, 0, 1),
(2120, 'strozzapreti', 2, 213, 0, 0, 0, 0, 1),
(2121, 'taglierini', 2, 214, 0, 0, 0, 0, 1),
(2122, 'tagliatelle', 2, 215, 0, 0, 0, 0, 1),
(2123, 'tortelli', 2, 216, 0, 0, 0, 0, 1),
(2124, 'cappelletti', 2, 217, 0, 0, 0, 0, 1),
(2125, 'farfalle', 2, 218, 0, 0, 0, 0, 1),
(2126, 'spago torchio', 2, 219, 0, 0, 0, 0, 1),
(2127, 'spago semola', 2, 220, 0, 0, 0, 0, 1),
(2128, 'mel.gr', 2, 222, 0, 0, 0, 0, 1),
(2129, 'zucch.gr', 2, 223, 0, 0, 0, 0, 1),
(2130, 'rad.gr', 2, 224, 0, 0, 0, 0, 1),
(2131, 'asparago', 2, 225, 0, 0, 0, 0, 1),
(2132, 'grana', 2, 226, 0, 0, 0, 0, 1),
(2133, 'burro', 2, 227, 0, 0, 0, 0, 1),
(2134, 'cip.fresca', 2, 228, 0, 0, 0, 0, 1),
(2135, 'carota', 2, 229, 0, 0, 0, 0, 1),
(2136, 'sedano', 2, 230, 0, 0, 0, 0, 1),
(2137, 'finocchio', 2, 231, 0, 0, 0, 0, 1),
(2138, 'peper.', 2, 232, 0, 0, 0, 0, 1),
(2139, 'pomod.fr', 2, 233, 0, 0, 0, 0, 1),
(2140, 'ravanello', 2, 234, 0, 0, 0, 0, 1),
(2141, 'radicchio', 2, 235, 0, 0, 0, 0, 1),
(2142, 'cetriolo', 2, 236, 0, 0, 0, 0, 1),
(2143, 'funghi', 2, 237, 0, 0, 0, 0, 1),
(2144, 'patate', 2, 238, 0, 0, 0, 0, 1),
(2145, 'zucchine', 2, 239, 0, 0, 0, 0, 1),
(2146, 'spinacio', 2, 240, 0, 0, 0, 0, 1),
(2147, 'broccolo', 2, 241, 0, 0, 0, 0, 1),
(2148, 'fagiolini', 2, 242, 0, 0, 0, 0, 1),
(2149, 'sale', 2, 243, 0, 0, 0, 0, 1),
(2150, 'rosmarino', 2, 244, 0, 0, 0, 0, 1),
(2151, 'limone', 2, 245, 0, 0, 0, 0, 1),
(2152, 'olio', 2, 246, 0, 0, 0, 0, 1),
(2153, '1/2', 2, 247, 0, 0, 0, 0, 0),
(2154, 'mascarpone', 2, 248, 0, 0, 0, 0, 1),
(2155, 'caramello', 2, 249, 0, 0, 0, 0, 1),
(2156, 'panna', 2, 250, 0, 0, 0, 0, 1),
(2157, 'special', 2, 251, 0, 0, 0, 0, 1),
(2158, 'panna amaretto', 2, 252, 0, 0, 0, 0, 1),
(2159, 'semifreddo', 2, 253, 0, 0, 0, 0, 1),
(2160, 'panna FB', 2, 254, 0, 0, 0, 0, 1),
(2161, 'zabaione', 2, 255, 0, 0, 0, 0, 1),
(2162, 'macedonia', 2, 256, 0, 0, 0, 0, 1),
(2163, 'profitteroles', 2, 257, 0, 0, 0, 0, 1),
(2164, 'tartufo b.', 2, 258, 0, 0, 0, 0, 1),
(2165, 'tartufo n.', 2, 259, 0, 0, 0, 0, 1),
(2166, 'meringa', 2, 260, 0, 0, 0, 0, 1),
(2167, 'zuppa inglese', 2, 261, 0, 0, 0, 0, 1),
(2168, 'millefoglie', 2, 262, 0, 0, 0, 0, 1),
(2169, 'tortino', 2, 263, 0, 0, 0, 0, 1),
(2170, 'pippolla', 2, 264, 0, 0, 0, 0, 1),
(2171, 'doppia farcitura di peli', 2, 265, 0, 0, 0, 0, 1),
(2172, 'scondito', 2, 266, 0, 0, 0, 0, 1),
(2173, 'radicchio', 2, 267, 0, 0, 0, 0, 1),
(2174, 'P.V.', 2, 268, 0.096, 1, 22.8, 0, 1),
(2175, 'porcini', 2, 269, 0, 0, 0, 0, 1),
(2177, 'patate less', 2, 271, 0, 0, 0, 0, 1),
(2178, 'salvia', 2, 272, 0, 0, 0, 0, 1),
(2179, 'vino bianco', 2, 273, 0, 0, 0, 0, 1),
(2180, 'panna', 2, 274, 0, 0, 0, 0, 1),
(2181, 'brandy', 2, 275, 0, 0, 0, 0, 1),
(2182, 'senape', 2, 276, 0, 0, 0, 0, 1),
(2183, 'rosmarino', 2, 277, 0, 0, 0, 0, 1),
(2184, 'rucola', 2, 278, 0, 0, 0, 0, 1),
(2185, 'patate forno', 2, 279, 0, 0, 0, 0, 1),
(2186, 'prosciutto', 2, 280, 0, 0, 0, 0, 1),
(2187, 'pom.fresco', 2, 281, -2.139, 1, 1.41281, 0, 1),
(2188, 'pat.fritte', 2, 282, 0, 0, 0, 0, 1),
(2189, 'wursel', 2, 283, 0, 0, 0, 0, 1),
(2190, 'Aceto', 2, 284, 0, 0, 0, 0, 1),
(2191, 'Aceto bals.', 2, 285, 0, 0, 0, 0, 1),
(2192, 'Aceto bals.', 2, 286, 0, 0, 0, 0, 1),
(2193, 'Aceto', 2, 287, 0, 0, 0, 0, 1),
(2194, 'Garg. porc+zucc', 2, 288, 0, 0, 0, 0, 1),
(2195, 'Garg. paesana', 2, 289, 0, 0, 0, 0, 1),
(2196, 'Gnocco Z+n', 2, 290, 0, 0, 0, 0, 1),
(2197, 'Gram. S+S', 2, 291, 0, 0, 0, 0, 1),
(2198, 'Crespella', 2, 292, 0, 0, 0, 0, 1),
(2199, 'Linguina pesto', 2, 293, 0, 0, 0, 0, 1),
(2200, 'Penna Arrab.', 2, 294, 0, 0, 0, 0, 1),
(2201, 'Rav. B+S', 2, 295, 0, 0, 0, 0, 1),
(2202, 'Rav. Agn+Zucch', 2, 296, 0, 0, 0, 0, 1),
(2203, 'Riso asp.', 2, 297, 0, 0, 0, 0, 1),
(2204, 'Riso porc.', 2, 298, 0, 0, 0, 0, 1),
(2205, 'Strozza sp+zucch', 2, 299, 0, 0, 0, 0, 1),
(2206, 'Strozza past.', 2, 300, 0, 0, 0, 0, 1),
(2207, 'Tagliat. Ragu', 2, 301, 0, 0, 0, 0, 1),
(2208, 'Tagliar. verd.', 2, 302, 0, 0, 0, 0, 1),
(2209, 'Tagliar. P+asp.', 2, 303, 0, 0, 0, 0, 1),
(2210, 'Tagliar. Gamb+brocc.', 2, 304, 0, 0, 0, 0, 1),
(2211, 'Tort. Porc.', 2, 305, 0, 0, 0, 0, 1),
(2212, 'Tort. Porc+Panna', 2, 306, 0, 0, 0, 0, 1),
(2213, 'Capp. Sc+P', 2, 307, 0, 0, 0, 0, 1),
(2214, 'Capp. Panna+Cotto', 2, 308, 0, 0, 0, 0, 1),
(2215, 'Farf. Ruc+Tal.', 2, 309, 0, 0, 0, 0, 1),
(2216, 'Spago carb.', 2, 310, 0, 0, 0, 0, 1),
(2217, 'Spago AOP', 2, 311, 0, 0, 0, 0, 1),
(2218, 'Torchio Tonno', 2, 312, 0, 0, 0, 0, 1),
(2219, 'Torchio Salm.', 2, 313, 0, 0, 0, 0, 1),
(2220, 'Capp. Pasticc.', 2, 314, 0, 0, 0, 0, 1),
(2221, 'Capp. Ragu', 2, 315, 0, 0, 0, 0, 1),
(2222, 'Gnocco Ragu', 2, 316, 0, 0, 0, 0, 1),
(2223, 'Gnocco Pom.', 2, 317, 0, 0, 0, 0, 1),
(2224, 'Tort. Ragu', 2, 318, 0, 0, 0, 0, 1),
(2225, 'Rav. Ragu', 2, 319, 0, 0, 0, 0, 1),
(2226, 'fiamm.', 2, 320, 0, 0, 0, 0, 1),
(2227, 'F.F.', 2, 321, 13, 0, 0.79, 0, 1),
(2229, 'fagiolini', 2, 327, 0, 0, 0, 0, 1),
(2230, 'Mais', 2, 328, 0, 0, 0, 0, 1),
(2231, 'Ciliegie di mozzarella', 2, 329, 0, 0, 0, 0, 1),
(2232, 'Ghiaccio', 2, 330, 0, 0, 0, 0, 1),
(2233, 'Carote', 2, 331, 1, 1, 0.8, 0, 1),
(2234, 'Pancetta', 2, 332, 0, 0, 0, 0, 1),
(2235, 'Salsiccia', 2, 333, 0, 0, 0, 0, 1),
(2236, 'Castrato', 2, 334, 0, 0, 0, 0, 1),
(2237, 'Petto di pollo', 2, 335, 0, 0, 0, 0, 1),
(2238, 'Coniglio', 2, 336, 0, 0, 0, 0, 1),
(2239, 'Origano', 2, 337, 0, 0, 0, 0, 1),
(2240, 'Cetrioli', 2, 338, 2, 1, 1.5, 0, 1),
(2242, '/2', 2, 322, 0, 0, 0, 0, 0),
(2241, 'balsamico', 2, 270, 0, 0, 0, 0, 1),
(2243, 'birra', 2, 340, 24.2, 2, 3, 0, 1),
(2244, 'Bufala', 2, 10, 0, 0, 0, 0, 1);

-- --------------------------------------------------------

--
-- Table structure for table `system`
--

DROP TABLE IF EXISTS `system`;
CREATE TABLE IF NOT EXISTS `system` (
  `id` mediumint(9) NOT NULL auto_increment,
  `name` text NOT NULL,
  `value` text NOT NULL,
  PRIMARY KEY  (`id`)
) ENGINE=MyISAM  DEFAULT CHARSET=latin1 AUTO_INCREMENT=3 ;

--
-- Dumping data for table `system`
--

INSERT INTO `system` (`id`, `name`, `value`) VALUES
(1, 'upgrade_last_key', '7'),
(2, 'version', '1');

-- --------------------------------------------------------

--
-- Table structure for table `users`
--

DROP TABLE IF EXISTS `users`;
CREATE TABLE IF NOT EXISTS `users` (
  `id` mediumint(9) NOT NULL auto_increment,
  `name` text NOT NULL,
  `can_open_closed_table` tinyint(4) NOT NULL default '0',
  `language` tinytext NOT NULL,
  `level` int(11) NOT NULL default '0',
  `password` text NOT NULL,
  `dest_type` varchar(5) NOT NULL default 'pos',
  `template` text NOT NULL,
  `disabled` tinyint(4) NOT NULL default '0',
  `deleted` tinyint(4) NOT NULL default '0',
  PRIMARY KEY  (`id`)
) ENGINE=MyISAM  DEFAULT CHARSET=latin1 AUTO_INCREMENT=5 ;

--
-- Dumping data for table `users`
--

INSERT INTO `users` (`id`, `name`, `can_open_closed_table`, `language`, `level`, `password`, `dest_type`, `template`, `disabled`, `deleted`) VALUES
(1, 'Administrator', 0, 'en', 1022, '5f4dcc3b5aa765d61d8327deb882cf99', 'pos', 'default', 0, 0),
(2, 'pospos', 0, 'sq', 515, 'df54215d760dbf0f9fe5627a39015333', 'pos', 'default', 0, 0),
(3, 'palmpalm', 0, 'sq', 515, 'fa09cbc83eb1eb0d3f678035517a7515', 'palm', 'default', 0, 0),
(4, 'pospos2', 0, 'sq', 515, 'cd6ae21410825d9db6c0688a7a07d2c1', 'pos', 'default', 0, 0);

-- --------------------------------------------------------

--
-- Table structure for table `vat_rates`
--

DROP TABLE IF EXISTS `vat_rates`;
CREATE TABLE IF NOT EXISTS `vat_rates` (
  `id` mediumint(9) NOT NULL auto_increment,
  `name` text NOT NULL,
  `rate` decimal(3,2) NOT NULL default '0.00',
  PRIMARY KEY  (`id`)
) ENGINE=MyISAM  DEFAULT CHARSET=latin1 AUTO_INCREMENT=6 ;

--
-- Dumping data for table `vat_rates`
--

INSERT INTO `vat_rates` (`id`, `name`, `rate`) VALUES
(4, 'Lux', '0.30'),
(3, 'Try', '0.12'),
(5, 'Gifts', '0.00');
